school_id,grade,class,student_id,sex,nationality,grade_math_t1,grade_language_t1,grade_science_t1,grade_math_t2,grade_language_t2,grade_science_t2,treatment,date_of_birth
57,6,A,wvqgd@cunb.edu,1,1,2.04628507703346,2.36978271048319,2.71134389195394,1.17530912955594,1.49880676300567,1.84036794447643,1,1997-07-27
57,6,A,j0ihe@cunb.edu,1,2,7.85907654132909,7.2069837124481,6.99445490347437,7.54881167603895,6.89671884715795,6.68419003818422,1,1997-06-24
57,6,A,wcjgk@cunb.edu,2,1,7.11897560768979,8.05744870380716,8.57320978027986,6.18101881178269,7.11949190790007,7.63525298437277,1,1997-04-23
57,6,A,mzmqb@cunb.edu,1,1,6.97373700373938,7.38800849904439,6.62844780366069,7.59310168610305,8.00737318140805,7.24781248602435,1,1997-02-24
57,6,A,s6n0y@cunb.edu,1,1,6.57487749496944,6.7736260527978,7.8443164411234,7.61106521548929,7.80981377331766,8.88050416164326,1,1996-09-05
57,6,A,valwu@cunb.edu,1,1,7.04164674624641,8.23765006873597,7.13312780976135,6.26965774872099,7.46566107121055,6.36113881223594,1,1997-06-18
57,6,A,ylw2t@cunb.edu,1,1,8.6119354199648,8.01535456814171,9.27773010917307,7.63525176487165,7.03867091304856,8.30104645407992,1,1997-04-23
57,6,A,pakza@cunb.edu,1,2,6.02574442672498,5.38347296669103,7.03674549396105,6.82095876384156,6.17868730380761,7.83195983107763,1,1997-02-09
57,6,A,nfljw@cunb.edu,1,2,5.33613657928225,5.23893830715832,4.81969527551126,6.39351152677113,6.29631325464719,5.87707022300014,1,1997-08-07
57,6,A,crjpx@cunb.edu,1,1,9.03936227418859,9.126943222791,8.78936868122224,8.23516827124634,8.32274921984875,7.98517467828,1,1996-10-24
57,6,A,hsnzr@cunb.edu,1,1,6.26237719797969,5.76746620576337,4.66970168951407,6.05977034380754,5.56485935159122,4.46709483534192,1,1997-02-28
57,6,A,d7uk1@cunb.edu,1,1,6.55577649619572,7.10878260411464,7.88028885355361,7.81246147150041,8.36546757941933,9.1369738288583,1,1996-12-23
57,6,A,xzjvr@cunb.edu,1,1,7.45250858407803,8.29435519356615,8.69949200604446,7.27927873003351,8.12112533952164,8.52626215199994,1,1996-10-26
57,6,A,4yvia@cunb.edu,2,1,4.9491106544299,4.55084834551941,4.54560185714196,5.02688538031135,4.62862307140087,4.62337658302341,1,1997-08-13
57,6,A,al6hx@cunb.edu,1,2,6.92972392294102,6.77110283620201,6.7044595823019,5.6021042466291,5.4434831598901,5.37683990598999,1,1997-04-01
57,6,A,4js7l@cunb.edu,1,1,8.77558471522848,8.2917536215819,9.31595726199071,7.60880722237675,7.12497612873017,8.14917976913898,1,1997-02-11
57,6,B,cmv1s@cunb.edu,1,2,6.96318958574936,7.60745609100938,6.31235681256309,7.36866261005091,8.01292911531093,6.71782983686464,0,1997-07-21
57,6,B,63cbt@cunb.edu,1,2,8.75872970253081,7.01846735572294,8.75097007790432,8.80623202274032,7.06596967593246,8.79847239811384,0,1996-12-15
57,6,B,gca3x@cunb.edu,1,1,9.15026022882275,9.43288909147568,8.12748529126011,9.52339373854296,9.80602260119588,8.50061880098031,0,1997-07-05
57,6,B,olpay@cunb.edu,1,1,8.99707879595251,9.02120046181397,8.76598447983877,9.19559393703749,9.21971560289895,8.96449962092375,0,1997-04-22
57,6,B,cbauu@cunb.edu,1,1,6.36351010005183,7.69590480660281,7.05002762831009,5.68560374742809,7.01799845397908,6.37212127568636,0,1997-02-18
57,6,B,cz4y8@cunb.edu,1,1,5.10340021105351,5.28275532295795,5.49890697162466,5.51425898310199,5.69361409500643,5.90976574367314,0,1997-08-18
57,6,B,lewqi@cunb.edu,2,1,6.99169134400046,7.87292154184735,5.95762085267535,7.26258493972322,8.14381513757011,6.22851444839811,0,1996-10-30
57,6,B,ejzfm@cunb.edu,1,1,8.20457795753937,7.64812496749547,7.59232534959775,7.97914804009374,7.42269505004983,7.36689543215211,0,1997-08-22
57,6,B,adgka@cunb.edu,1,2,5.97298667812286,6.10342799499197,5.03128329338072,5.73571494536309,5.8661562622322,4.79401156062095,0,1996-12-06
57,6,B,ffhmz@cunb.edu,2,1,7.83085428052372,6.77557232430927,7.22246060813568,6.76434306078985,5.70906110457539,6.1559493884018,0,1997-01-07
57,6,C,ealcb@cunb.edu,1,2,7.38623561395119,7.30834989912595,7.04068365378092,9.56631525089852,9.48842953607328,9.22076329072825,1,1997-05-03
57,6,C,tyd4v@cunb.edu,1,1,5.61309733834742,4.96043674868225,6.38624101445704,5.38744921639068,4.73478862672551,6.16059289250029,1,1996-11-02
57,6,C,mzlrh@cunb.edu,1,1,5.79466439114029,6.05016023135821,7.15589550771827,9.17125241489918,9.4267482551171,10.0,1,1997-06-19
57,6,C,gvqzf@cunb.edu,1,1,4.61790486839632,4.99484637980381,4.42017116439561,4.4897302520459,4.86667176345339,4.29199654804519,1,1997-03-07
57,6,C,dhqdi@cunb.edu,1,1,4.4454240333714,4.17164224437033,4.3824508865789,5.40575980675286,5.13197801775178,5.34278665996036,1,1997-04-28
57,6,C,0eiwm@cunb.edu,1,1,9.73725183937416,10.0,8.92751664180026,10.0,10.0,9.1947394838136,1,1997-03-25
57,6,C,hexot@cunb.edu,1,1,8.06741386373968,7.63282930107296,6.7790352064322,7.81670791163958,7.38212334897286,6.5283292543321,1,1996-12-09
57,6,C,sxbnd@cunb.edu,1,2,8.8442675574405,8.35171462601999,9.17140061973612,9.71258153063169,9.22002859921118,10.0,1,1996-11-05
57,6,C,h1ztx@cunb.edu,1,2,6.90492755013319,5.47131582840146,6.54001504021497,8.67440093346024,7.24078921172852,8.30948842354203,1,1996-12-26
57,6,C,wbcfx@cunb.edu,1,2,6.94061549152249,6.49430667008274,6.53580430014991,10.0,9.66428026520886,9.70577789527603,1,1996-10-24
57,6,C,upea8@cunb.edu,1,2,7.72815428463742,6.86238560801372,6.51668969471008,7.87187078759666,7.00610211097296,6.66040619766932,1,1997-06-04
57,6,C,xhff1@cunb.edu,2,1,6.18957514002118,6.02789082157556,6.97783455404583,6.29489368106776,6.13320936262213,7.08315309509241,1,1996-11-24
57,6,C,v9l3z@cunb.edu,1,1,6.83405051830368,6.54261078902664,6.12788386487546,8.45608688896224,8.1646471596852,7.74992023553401,1,1997-03-01
57,6,C,hxddv@cunb.edu,1,1,8.47860051245043,9.39789667558471,9.2204030949677,9.31032918844866,10.0,10.0,1,1997-08-14
57,6,C,kidc8@cunb.edu,1,1,6.29782358105868,7.06370699233949,7.80419745497047,6.69366923191874,7.45955264319955,8.20004310583054,1,1996-09-02
57,6,C,zawhc@cunb.edu,1,1,8.50741756832435,8.97232448108702,9.30372958196535,9.87229190185882,10.0,10.0,1,1997-05-11
57,6,D,mcg7z@cunb.edu,1,2,2.32679819448704,1.74018218641022,2.24966770822966,5.53762144502753,4.95100543695072,5.46049095877016,1,1997-04-22
57,6,D,jz0yt@cunb.edu,1,1,3.87922266003041,5.68503796559124,5.01291981589346,2.82359895586859,4.62941426142942,3.95729611173163,1,1996-12-18
57,6,D,7ngor@cunb.edu,1,1,5.17138277042574,6.3189848861835,5.7448705965831,5.47896235922366,6.62656447498142,6.05245018538102,1,1997-08-29
57,6,D,smmvj@cunb.edu,1,1,6.64931068198314,7.2103411643908,7.81593988650969,7.42099684880633,7.98202733121399,8.58762605333288,1,1996-12-01
57,6,D,1uumv@cunb.edu,1,1,6.15181647647408,6.24263380548222,6.42848471772162,6.2105463575345,6.30136368654263,6.48721459878203,1,1997-08-30
57,6,D,0qwhq@cunb.edu,1,1,3.19498031324238,4.06870412471235,4.78496766526715,4.41913562569119,5.29285943716117,6.00912297771596,1,1997-04-27
57,6,D,ii2gl@cunb.edu,1,2,7.46690852327357,8.31342792457054,7.65507831044579,10.0,10.0,10.0,1,1996-12-01
57,6,D,smlfd@cunb.edu,1,1,5.00074254374524,5.13481828363185,5.07978759591972,4.46723466629383,4.60131040618045,4.54627971846831,1,1997-06-14
57,6,D,hwimf@cunb.edu,1,1,6.33972093872099,7.54504871730997,6.68935315161316,6.0252947645914,7.23062254318038,6.37492697748358,1,1997-06-06
57,6,D,vvkfk@cunb.edu,1,1,8.70233819290371,8.25355019775526,8.48520130879552,9.71213814616356,9.26335015101511,9.49500126205538,1,1996-09-13
57,6,D,u4dmb@cunb.edu,1,2,4.32835820666556,3.49366988032167,4.50376022676979,5.23918320144647,4.40449487510257,5.4145852215507,1,1997-04-21
57,6,D,ioq6e@cunb.edu,1,1,6.32758761488167,6.09026275167507,6.33548894861979,5.13034006060832,4.89301519740173,5.13824139434644,1,1997-03-01
57,7,A,tndac@cunb.edu,1,2,3.99901086174229,4.08181296278068,3.86665699154416,4.97981018277821,5.06261228381661,4.84745631258008,1,1995-10-30
57,7,A,mfxhy@cunb.edu,1,1,5.79426540743475,5.58284703671847,7.15955339029346,7.38484863712115,7.17343026640487,8.75013661997987,1,1996-01-07
57,7,A,0kwej@cunb.edu,1,2,7.60013561477529,7.65752942222747,6.70322427587228,9.34570105604653,9.4030948634987,8.44878971714352,1,1995-11-16
57,7,A,wlkvh@cunb.edu,2,1,4.6063360249213,4.65304003223396,5.11564135444901,5.90660294159441,5.95330694890707,6.41590827112212,1,1996-08-03
57,7,A,ozkyc@cunb.edu,1,1,8.57758988458562,9.49550420995701,9.08715531993556,8.9543950674102,9.87230939278158,9.46396050276014,1,1996-03-28
57,7,A,i53z0@cunb.edu,2,1,6.4317346597138,7.66793884896219,6.06839925377175,7.63995239186315,8.87615658111154,7.2766169859211,1,1996-02-03
57,7,A,7yobi@cunb.edu,1,1,5.28481705805755,5.64845900696239,5.06509313026911,5.78299429230131,6.14663624120615,5.56327036451287,1,1996-02-18
57,7,A,csszn@cunb.edu,1,2,6.4455807866028,7.90999123179004,6.32600569077417,6.00054059874496,7.4649510439322,5.88096550291634,1,1995-10-02
57,7,A,goo4f@cunb.edu,1,1,6.74408346164592,6.37144119089089,5.08208260342099,7.18029425243692,6.80765198168189,5.51829339421199,1,1996-05-06
57,7,A,81pas@cunb.edu,1,1,5.03652262193174,3.7658308317794,3.99934787600325,5.96974152111152,4.69904973095918,4.93256677518303,1,1996-01-14
57,7,B,glwys@cunb.edu,2,1,8.31287751384237,6.75673655411386,7.99570857677766,7.54820638887639,5.99206542914788,7.23103745181169,0,1996-05-26
57,7,B,iom4v@cunb.edu,1,2,6.42706848043556,5.52360975710283,5.47363031902889,7.66016627481266,6.75670755147992,6.70672811340599,0,1995-09-08
57,7,B,rgq5m@cunb.edu,2,1,6.31386682831333,6.59212232448743,6.76156693857745,4.97520786415959,5.25346336033369,5.42290797442371,0,1996-01-28
57,7,B,9jxyu@cunb.edu,1,1,5.6839673141049,7.21230444396229,5.61336187403963,6.09043137865574,7.61876850851313,6.01982593859047,0,1996-02-04
57,7,B,awdlh@cunb.edu,1,1,7.61238572825965,8.91415137970176,8.62423579148304,8.34829124078639,9.6500568922285,9.36014130400978,0,1995-10-11
57,7,B,hkv3x@cunb.edu,2,2,4.26206647095624,4.25140274365786,5.25565418557618,3.02717252116648,3.0165087938681,4.02076023578641,0,1996-03-13
57,7,B,k6ahx@cunb.edu,1,1,4.44415701236868,5.54682121668303,5.12861243831286,2.58602870353068,3.68869290784504,3.27048412947486,0,1996-05-19
57,7,B,slrdb@cunb.edu,1,1,6.92055358357314,7.50552252532501,6.85167173241783,7.74251672361379,8.32748566536566,7.67363487245848,0,1996-08-29
57,7,B,zcoww@cunb.edu,2,2,5.57936015662745,5.81023304195151,5.10903649342255,6.66836970974843,6.89924259507249,6.19804604654352,0,1996-04-29
57,7,B,wph83@cunb.edu,1,1,4.73976746530475,4.90636887823434,4.21636825523542,4.37214689306918,4.53874830599878,3.84874768299985,0,1996-03-20
57,7,B,zlbcy@cunb.edu,1,2,7.57012565525527,7.46112172490264,8.32150772631446,8.73787939939729,8.62887546904466,9.48926147045649,0,1996-04-23
57,7,B,gaqrq@cunb.edu,2,1,5.34846692160109,6.90128299128601,5.65856018150562,3.71176504541713,5.26458111510205,4.02185830532166,0,1996-01-31
57,7,B,tvj9f@cunb.edu,1,1,5.43746763199039,5.38805186945416,3.64746250641935,6.00886297560629,5.95944721307006,4.21885785003524,0,1995-09-07
57,7,C,nf9bi@cunb.edu,2,1,7.6006184118972,7.76039452489324,7.97373482456289,8.04939444915449,8.20917056215053,8.42251086182018,0,1996-03-13
57,7,C,q9by8@cunb.edu,2,2,6.54223972008628,6.28745513557521,5.50689215966565,5.83814204299577,5.5833574584847,4.80279448257514,0,1995-12-19
57,7,C,yrnfq@cunb.edu,1,2,7.14605237038309,7.54201699055234,8.84055843630308,7.36682884350861,7.76279346367786,9.06133490942861,0,1996-01-25
57,7,C,mxxv7@cunb.edu,1,1,4.54900072199592,6.24848210077101,4.42587886342147,5.38700494259486,7.08648632136995,5.26388308402041,0,1995-11-03
57,7,C,ysvls@cunb.edu,1,1,9.60452733890316,8.3884941032452,9.06380172821856,10.0,9.936315904143,10.0,0,1996-07-29
57,7,C,qmybn@cunb.edu,1,2,2.51536093433089,3.15086139333136,3.29202473363541,2.70716688375768,3.34266734275815,3.48383068306219,0,1996-07-17
57,7,C,cnbcv@cunb.edu,1,2,4.41918497484332,5.4553889888168,5.25590895207754,4.3594346656804,5.39563867965388,5.19615864291462,0,1996-01-22
57,7,C,6uoop@cunb.edu,1,1,6.536460064634,5.31235338822311,6.9011960963749,5.11789357257292,3.89378689616204,5.48262960431383,0,1996-06-29
57,7,C,nwyst@cunb.edu,1,1,8.24540606492756,7.72233109481258,7.37756226051224,8.94777773257452,8.42470276245955,8.07993392815921,0,1995-11-16
57,7,C,odfzn@cunb.edu,1,1,5.15406094853804,6.25531994075553,5.32635579201431,3.81423846815792,4.9154974603754,3.98653331163419,0,1996-07-16
57,7,C,8cjlc@cunb.edu,1,1,7.86920975386586,7.29146810439836,6.6333052195185,7.83159946287014,7.25385781340264,6.59569492852278,0,1995-10-25
57,7,C,7pojk@cunb.edu,1,1,9.2673521522058,8.13098437437767,8.0065772515347,10.0,9.51214909456961,9.38774197172665,0,1996-02-26
57,7,D,g5hdy@cunb.edu,1,1,6.18530161609778,4.63555550599375,5.47528417805114,8.9880127979759,7.43826668787187,8.27799535992926,1,1996-07-02
57,7,D,pa9yf@cunb.edu,1,1,9.34709108859403,9.20739865960656,8.7184614581625,9.56258987159398,9.42289744260651,8.93396024116245,1,1996-03-21
57,7,D,aeyue@cunb.edu,1,1,4.40691746396706,4.48853501489148,4.60054725313321,3.7591521243862,3.84076967531062,3.95278191355235,1,1995-09-24
57,7,D,dcfoy@cunb.edu,1,2,3.45605573622884,3.59776033839585,4.33050431317093,4.38823557753016,4.52994017969717,5.26268415447224,1,1996-07-01
57,7,D,tq5bf@cunb.edu,2,1,5.91665293716961,6.1331366489003,4.84495178212547,6.00064268704464,6.21712639877533,4.92894153200051,1,1995-12-15
57,7,D,qs1uo@cunb.edu,1,1,6.22800715994054,6.48623744193429,8.03793493034282,7.78220428804685,8.0404345700406,9.59213205844913,1,1996-02-14
57,7,D,wpxis@cunb.edu,2,1,7.45863516475796,6.15213181810245,6.56638889420569,9.91536942498795,8.60886607833243,9.02312315443567,1,1996-05-12
57,7,D,q2cfd@cunb.edu,1,1,5.49275298638549,6.74379035214242,6.16471881781053,99999.0,6.83882948826574,6.25975795393386,1,1996-01-03
57,7,D,tqgis@cunb.edu,1,1,10.0,8.99543858884033,8.50514395587277,10.0,10.0,9.75999993675352,1,1995-09-04
57,7,D,yxmok@cunb.edu,2,1,6.17889711249163,5.42423084413177,6.02799832064202,6.24752062539015,5.49285435703028,6.09662183354054,1,1996-04-30
57,8,A,dmv6n@cunb.edu,2,1,4.3816306947365,4.92314433423873,5.65033055307414,4.54473124721592,5.08624488671815,5.81343110555356,0,1995-06-28
57,8,A,6gola@cunb.edu,2,1,4.95996403790583,5.54140690624286,5.81561923076902,4.20813096285947,4.7895738311965,5.06378615572266,0,1995-04-01
57,8,A,k8gox@cunb.edu,2,2,8.6887576323943,7.80241473810839,7.19690252561213,8.31080004338683,7.42445714910092,6.81894493660467,0,1995-05-24
57,8,A,dskjb@cunb.edu,2,1,5.96542237769593,6.2250825695299,4.96428844216992,5.60312150628901,5.86278169812298,4.60198757076299,0,1995-01-22
57,8,A,1krmv@cunb.edu,2,1,5.48810654701061,6.16654204166821,5.12670385985962,4.64992203931233,5.32835753396993,4.28851935216134,0,1994-09-25
57,8,A,rvrp6@cunb.edu,1,1,5.68877626963058,5.26503345564106,4.92074511487135,6.5422835834989,6.11854076950938,5.77425242873967,0,1995-06-26
57,8,A,jqx4h@cunb.edu,1,1,5.37528987717368,6.46624784939476,4.9050908244636,6.42303350688103,7.51399147910211,5.95283445417094,0,1995-07-10
57,8,A,7tozl@cunb.edu,1,1,8.0173444417616,8.80799164626129,8.0318956757275,9.14851517306797,9.93916237756766,9.16306640703387,0,1994-09-13
57,8,A,shk1n@cunb.edu,1,2,8.3467499847417,6.89552453354794,7.30004556950975,8.23413053267399,6.78290508148024,7.18742611744204,0,1995-01-22
57,8,A,vdprb@cunb.edu,1,1,8.28372032333953,8.00225864582551,9.20728956161854,8.23526475207569,7.95380307456167,9.1588339903547,0,1995-03-14
57,8,A,bxodm@cunb.edu,1,1,2.95539103206289,2.74355129282964,3.69814887074796,1.66025998436039,1.44842024512713,2.40301782304545,0,1995-01-20
57,8,A,kyfid@cunb.edu,1,2,8.60137210731034,9.08157121474494,7.74882609388431,9.50677813958321,9.98697724701781,8.65423212615718,0,1995-05-30
57,8,A,ura1l@cunb.edu,1,1,6.12546355050261,6.35932837013359,7.02464013738761,5.30635835411429,5.54022317374527,6.20553494099929,0,1995-05-07
57,8,A,mptu7@cunb.edu,1,1,4.96356357913205,4.14684363780284,5.32814422342667,4.33321614436951,3.5164962030403,4.69779678866413,0,1994-12-03
57,8,A,8vnez@cunb.edu,1,1,6.6122599191274,6.57040631522047,7.02849870019215,7.31853758954505,7.27668398563812,7.7347763706098,0,1994-10-21
57,8,A,hltpv@cunb.edu,1,2,3.12270532257745,3.48466967593769,2.96800229361171,2.78500408779308,3.14696844115332,2.63030105882734,0,1995-05-12
57,8,A,tvmfs@cunb.edu,2,1,6.31140010911572,6.22674326845976,6.23668144844073,5.41330243480361,5.32864559414766,5.33858377412862,0,1994-10-30
57,8,A,3useb@cunb.edu,1,1,7.75089912600362,8.84808909259284,8.32281923545072,7.71084631213077,8.80803627871999,8.28276642157786,0,1995-04-02
57,8,A,p3n6v@cunb.edu,1,2,7.3869513908177,7.52607186853507,7.10388849412644,9.56752541336316,9.70664589108053,9.2844625166719,0,1994-09-14
57,8,B,bwtyl@cunb.edu,1,1,7.52963045246051,6.83426809643479,6.66233513324605,7.92758023226316,7.23221787623743,,0,1995-05-01
57,8,B,hahcj@cunb.edu,1,1,6.65489463702322,5.087082224046,5.17007742038474,7.37090927754755,5.80309686457034,5.88609206090908,0,1994-10-04
57,8,B,4a5ft@cunb.edu,1,1,4.14236300542913,4.31854334624447,5.35110144840516,4.70189930937692,4.87807965019225,5.91063775235295,0,1994-10-11
57,8,B,iuikh@cunb.edu,1,1,6.24098477336678,6.18963110224444,7.07355821375835,4.32036323204827,4.26900956092592,5.15293667243984,0,1995-06-19
57,8,B,mv9gy@cunb.edu,1,1,7.25336642620714,6.99753580718862,6.79532127977909,7.03153426196254,6.77570364294401,6.57348911553449,0,1995-07-22
57,8,B,83s44@cunb.edu,1,2,6.33369882216112,6.20166182794974,5.67327462087752,7.53635775365123,7.40432075943986,6.87593355236763,0,1995-04-13
57,8,B,gtvmk@cunb.edu,1,1,7.95459634149999,7.41469423370988,7.0367282278891,7.5054262302991,6.96552412250899,6.58755811668821,0,1994.09.08
57,8,B,b50zu@cunb.edu,1,1,7.04166027008142,7.58333651291724,7.65681589151319,7.70256307425779,8.24423931709361,8.31771869568956,0,1995-06-19
57,8,B,dlj4h@cunb.edu,1,1,6.40796351717695,6.08485100936054,6.45017030933782,5.68776291214331,5.3646504043269,5.72996970430418,0,1994-11-15
57,8,B,em7t6@cunb.edu,2,2,5.54934043787795,5.57985897712785,6.23991736282038,4.62879535717901,4.65931389642891,5.31937228212144,0,1995-01-03
57,8,B,nk807@cunb.edu,1,1,7.90244371356597,6.26946929987675,7.68374628765663,7.67407375034882,6.0410993366596,7.45537632443948,0,1995-05-07
57,8,B,owg6w@cunb.edu,1,1,5.5479787230387,5.10348205975142,5.54580897566747,7.08337924259643,6.63888257930915,7.0812094952252,0,1994-11-18
57,8,B,xp9hs@cunb.edu,2,2,6.56229887252805,7.122790696585,6.73925914757085,7.09002753543936,7.65051935949631,7.26698781048216,0,1995-01-11
57,8,B,nie30@cunb.edu,1,1,7.6376071751412,8.10518488123231,7.64210842245408,5.89248455081513,6.36006225690623,5.896985798128,0,1994-09-16
57,8,B,g4wdg@cunb.edu,1,1,7.06027235355501,6.45220142402028,6.47947415788,5.74034639353111,5.13227546399638,5.1595481978561,0,1994-11-15
57,8,B,cqmgj@cunb.edu,1,1,7.96950384774573,7.27609364628189,7.20824718927361,9.32355574456645,8.6301455431026,8.56229908609433,0,1994-12-09
57,8,B,2xnzu@cunb.edu,1,1,4.46349554883971,4.38631891415178,4.04995122321605,3.18559959816673,3.1084229634788,2.77205527254307,0,1995-02-06
57,8,C,ss2a2@cunb.edu,1,1,6.31419388012551,6.59046330483221,6.92359823448174,6.07185718193644,6.34812660664314,6.68126153629267,1,1994-12-31
57,8,C,bi2wb@cunb.edu,1,1,8.23368398451161,7.69259116916832,8.31491436694663,8.66602375183933,8.12493093649604,8.74725413427436,1,1995-03-21
57,8,C,yxxfv@cunb.edu,1,1,8.6312801750918,8.39075208842578,8.12486962057474,10.0,10.0,10.0,1,1995-06-03
57,8,C,aaek4@cunb.edu,1,1,8.93015626617135,7.49981333533661,8.8553857820517,9.03607811823033,7.60573518739559,8.96130763411068,1,1995-08-19
57,8,C,59xiw@cunb.edu,2,1,6.3522890672804,6.7921389608429,6.72801065927084,8.47584989097967,8.91569978454217,8.85157148297011,1,1995-01-29
57,8,D,gcplz@cunb.edu,1,1,7.95862441242348,6.91211891558628,8.16666115133699,7.88256524412836,6.83605974729116,8.09060198304187,0,1995-06-24
57,8,D,xaihs@cunb.edu,1,1,6.59031338770813,7.44508467116332,7.28389357696226,6.9720200811533,7.82679136460849,7.66560027040743,0,1994-12-24
57,8,D,idali@cunb.edu,2,1,4.86107839943804,6.22905138108842,5.19434110840745,3.15493997782732,4.5229129594777,3.48820268679674,0,1994-10-05
57,8,D,jvdhy@cunb.edu,1,1,2.58838332218227,3.46575788275447,2.79579500814077,4.3219776887706,5.19935224934281,4.52938937472911,0,1995-07-15
57,8,D,bpjfb@cunb.edu,2,1,8.20387452980476,8.20168544165763,8.08916477253633,9.77733030848453,9.77514122033739,9.6626205512161,0,1995-03-22
57,8,D,4dqcj@cunb.edu,1,2,7.41700521452345,7.18799461672075,6.48226784370832,7.87462605072243,7.64561545291973,6.9398886799073,0,1995-05-16
57,8,D,svjfm@cunb.edu,1,1,5.89050692086943,6.78529814910047,6.27364868391209,4.79366099752752,5.68845222575857,5.17680276057018,0,1995-04-23
57,8,D,7gi7w@cunb.edu,2,1,7.90544773957431,8.06213040503412,7.01523875671178,8.87422307439398,9.03090573985379,7.98401409153145,0,1995-07-17
57,8,D,ehzsl@cunb.edu,1,2,7.34401376476729,8.81287033274987,6.88793634740853,7.56330784946616,9.03216441744875,7.10723043210741,0,1995-03-18
57,8,D,uetgi@cunb.edu,2,1,5.31578050862638,6.67888401291905,7.11076016520722,5.82220039470045,7.18530389899311,7.61718005128128,0,1995-08-03
57,6,C,hxddv@cunb.edu,1,1,8.47860051245043,9.39789667558471,9.2204030949677,9.31032918844866,10.0,10.0,1,1997-08-14
60,6,A,gjkjn@cunb.edu,1,1,6.89513637723171,7.6778599274508,6.56836330370747,7.68062387719398,8.46334742741307,7.35385080366974,1,1996-11-04
60,6,A,s23zr@cunb.edu,1,1,7.46900336092692,8.62779072739538,7.15463168893364,6.77822541452043,7.93701278098889,6.46385374252714,1,1996-09-07
60,6,A,xtycv@cunb.edu,1,2,4.40220922003775,4.20744161871536,5.46162711880444,5.15903828663177,4.96427068530939,99999.0,1,1996-10-09
60,6,A,atqc6@cunb.edu,1,2,4.47173352941891,4.42037108896321,4.88844927756137,4.35891495131977,4.30755251086407,4.77563069946222,1,1997-03-29
60,6,A,eojdp@cunb.edu,2,1,7.71309173342499,6.95109276522609,8.25486147126841,7.34639999786776,6.58440102966886,7.88816973571118,1,1997-04-02
60,6,B,pcowa@cunb.edu,1,2,8.46159157107582,9.17013685029929,8.40634842307304,8.94078443911374,9.64932971833722,8.88554129111097,0,1997-05-18
60,6,B,6xg3k@cunb.edu,1,1,9.03473979499607,9.58040527565821,7.84735450413494,8.23352152555261,8.77918700621475,7.04613623469148,0,1997-06-23
60,6,B,nv6km@cunb.edu,1,1,6.40663100114863,5.6095037547576,6.1459594437557,6.96317133337529,6.16604408698426,6.70249977598236,0,1997-01-04
60,6,B,e6xlr@cunb.edu,1,1,4.3928820605939,5.83870825763696,5.20550502497607,4.56576831828651,6.01159451532958,5.37839128266869,0,1997-05-02
60,6,B,slhmg@cunb.edu,1,1,3.43771203623473,3.02177573616936,3.73455761016666,2.90650036977137,2.490564069706,3.2033459437033,0,1996-11-28
60,6,B,8k652@cunb.edu,2,1,2.57652489991767,4.1641053707516,3.13106191355643,1.78817585200445,3.37575632283837,2.34271286564321,0,1996-10-06
60,6,B,g4rhv@cunb.edu,1,1,5.71437679967037,5.29973550317934,6.27538555292538,5.69630110775148,5.28165981126045,6.25730986100649,0,1997-07-10
60,6,B,hwowo@cunb.edu,1,1,2.59489969113343,2.22244557640948,2.94181878674277,1.88452594705067,1.51207183232672,2.23144504266001,0,1996-09-07
60,6,B,b3qrn@cunb.edu,1,1,8.36215652000631,7.80833373345906,8.42808949189732,8.81224474060761,8.25842195406037,8.87817771249862,0,1997-08-13
60,6,B,fci3s@cunb.edu,2,2,8.32953708007811,7.3990814368601,7.24544960394381,7.86876773744333,6.93831209422532,6.78468026130903,0,1996-09-28
60,6,B,pczfr@cunb.edu,1,1,7.81866127899569,8.24726087827888,8.77669925610256,9.00236277575328,9.43096237503647,9.96040075286015,0,1997-07-09
60,6,B,veeu4@cunb.edu,1,1,8.12047307310913,7.8453233654267,8.37825299497981,8.01351977797031,7.73837007028788,8.27129969984099,0,1997-02-05
60,6,C,cnhs4@cunb.edu,1,1,6.87779330335893,6.68642272021957,5.379063198011,6.47926019702294,6.28788961388358,4.980530091675,1,1996-12-01
60,6,C,pmeiz@cunb.edu,2,2,6.871347610825,7.9548880890806,7.20183384323984,10.0,10.0,99999.0,1,1997-06-19
60,6,C,csfsa@cunb.edu,1,1,9.29466053397913,8.92687558682222,8.88907304891903,9.64920429627311,9.28141934911621,9.24361681121302,1,1997-02-08
60,6,C,y9ux1@cunb.edu,1,1,6.10692011423917,6.5001618447578,5.73381695010276,5.20525587091486,5.5984976014335,4.83215270677845,1,1997-04-16
60,6,C,ckwhe@cunb.edu,1,2,4.25097350744793,4.83215339171031,4.59108222291136,6.59765035366047,7.17883023792285,6.9377590691239,1,1996-12-23
60,6,C,8dp2b@cunb.edu,1,1,6.33071233425654,6.02327357698597,5.87757028686248,6.00681251710966,5.69937375983909,5.5536704697156,1,1996-11-20
60,6,C,azdi3@cunb.edu,1,2,5.73602837973304,5.47358148961358,6.57934729193367,5.48388813459833,5.22144124447887,6.32720704679896,1,1997-02-27
60,6,C,j5dtv@cunb.edu,2,1,5.04781157526878,4.17780310198424,5.62273200418559,6.48521409363658,5.61520562035203,7.06013452255339,1,1996-12-06
60,6,C,uxqto@cunb.edu,1,1,5.21955750760385,4.12930117378705,5.21683716279217,6.61536927709508,5.52511294327828,6.6126489322834,1,1997-03-11
60,6,D,wyoes@cunb.edu,1,1,6.7080676464262,6.26620954292738,5.99283081729808,6.12662367408537,5.68476557058655,5.41138684495725,0,1996-12-13
60,6,D,rmeix@cunb.edu,1,1,7.04631413373584,7.33704950328404,6.08617081859568,6.79107332795291,7.08180869750112,5.83093001281276,0,1997-02-08
60,6,D,yv1t9@cunb.edu,2,2,6.17015392857953,4.95624718268752,6.36902931019082,7.1177203433725,5.90381359748048,7.31659572498378,0,1996-10-01
60,6,D,zpc7g@cunb.edu,1,2,4.55921113919967,5.07070280621328,4.45958932592102,3.92777401640734,4.43926568342096,3.82815220312869,0,1997-02-08
60,6,D,2llr1@cunb.edu,2,1,7.69698927714703,6.13222381868613,6.44101458811414,8.6249128819237,7.0601474234628,7.36893819289082,0,1996-11-22
60,6,D,lxolu@cunb.edu,1,1,7.09121732645813,6.51538210966769,6.91558140422362,7.35981037567255,6.78397515888212,7.18417445343805,0,1996-11-21
60,6,D,d5tny@cunb.edu,1,2,3.50734353420379,3.35649476694929,4.82445495278629,3.89803003410434,3.74718126684984,5.21514145268684,0,1997-04-17
60,6,D,olzd4@cunb.edu,1,1,8.94476077195899,9.16665802013771,7.70978847847031,9.67384679288973,9.89574404106845,8.43887449940105,0,1996-12-16
60,6,D,ixhpo@cunb.edu,1,1,7.6780864359968,5.94964345043233,7.58021330006129,7.05826135677509,5.32981837121062,6.96038822083957,0,1996-12-30
60,6,D,l2b28@cunb.edu,1,2,8.19582845684445,7.68324397312781,6.7554965940707,7.65963843705531,7.14705395333867,6.21930657428156,0,1997-04-03
60,6,D,95q53@cunb.edu,1,2,7.33984169678418,6.91378950036717,6.76676896575493,9.07728402618381,8.65123182976681,8.50421129515457,0,1997-03-22
60,6,D,68l4f@cunb.edu,1,1,5.91738361047452,5.72986794935411,6.31312564454844,5.85798013404076,5.67046447292034,6.25372216811468,0,1997-08-13
60,6,D,xzweq@cunb.edu,2,1,6.75148774879755,7.81920175124661,6.35350786299215,4.64824299039531,5.71595699284438,4.25026310458991,0,1996-11-30
60,6,D,xzv5c@cunb.edu,2,1,5.93098538964111,5.97438988125939,7.33267626901213,5.88976363514232,5.93316812676059,7.29145451451334,0,1996-09-14
60,6,D,do8ds@cunb.edu,1,2,9.28501171185031,9.06506407199755,8.90918308528468,8.10927058685089,7.88932294699813,7.73344196028526,0,1997-01-19
60,6,D,79jsu@cunb.edu,1,2,5.50063625887478,5.52875087388301,6.13016640000487,7.34379725324622,7.37191186825445,7.97332739437631,0,1997-06-06
60,6,D,dzdsb@cunb.edu,1,1,7.66419934029533,7.70374196083127,7.22791923968895,9.43920655074572,9.47874917128166,9.00292645013933,0,1997-01-21
60,6,D,lvouy@cunb.edu,1,1,4.26085277836868,4.76307590216496,5.46850991904834,3.86646785764238,4.36869098143867,5.07412499832204,0,1997-02-10
60,6,D,dolj9@cunb.edu,2,1,6.50400709977484,7.03957742417341,7.36394023720285,6.26727262808249,6.80284295248106,7.1272057655105,0,1996-12-18
60,6,D,uzjnp@cunb.edu,1,1,8.01189218816747,6.69410563662116,7.47284898517121,8.14751673568065,6.82973018413435,7.6084735326844,0,1996-10-19
60,6,D,fi55q@cunb.edu,1,1,7.27997902415964,5.98811850890789,5.78447369493816,4.63812570981901,3.34626519456726,3.14262038059752,0,1996-12-05
60,6,D,mzvbv@cunb.edu,1,1,8.29033351928533,9.29241318727449,8.13149773615018,9.24560103725282,10.0,9.08676525411767,0,1997-03-02
60,7,A,avsto@cunb.edu,2,1,4.24500203485987,3.53310686330698,4.46112782256133,3.83374743056398,3.12185225901109,4.04987321826544,0,1996-01-20
60,7,A,xxp2d@cunb.edu,1,1,4.01153374047234,4.40798779347195,3.0578607530634,2.79926277224103,3.19571682524065,1.8455897848321,0,1996-03-17
60,7,A,dswba@cunb.edu,1,2,6.38275275940935,6.88452544345449,7.55770114160071,4.24381388457062,4.74558656861575,5.41876226676198,0,1995-12-21
60,7,A,wpuqt@cunb.edu,2,1,4.86632540461948,5.09383186477577,4.76472264075061,6.05301611441921,6.2805225745755,5.95141335055034,0,1996-02-19
60,7,A,qmqno@cunb.edu,1,1,5.8452387808236,5.27685041701148,6.76402321945603,6.12221287832453,5.55382451451241,7.04099731695696,0,1996-03-23
60,7,A,2sobz@cunb.edu,1,2,6.33892528999183,7.43034746085811,6.05304926734004,6.30716503295814,7.39858720382442,6.02128901030635,0,1996-04-02
60,7,A,drqoa@cunb.edu,1,1,6.86489762941962,6.47650879406025,6.48981693171551,5.82781026632111,5.43942143096175,5.452729568617,0,1996-05-17
60,7,A,pfuvl@cunb.edu,1,1,8.60533078012613,8.55805805975196,7.17822036657107,8.78985492636709,8.74258220599292,7.36274451281203,0,1996-04-08
60,7,A,zk84g@cunb.edu,2,1,7.15649066460912,7.18479179139842,6.48746426790614,6.96435758824547,6.99265871503477,6.2953311915425,0,1996-02-16
60,7,A,jsq4l@cunb.edu,1,1,8.15664951039061,9.91991984612823,8.56094425592154,7.1617221252102,8.92499246094782,7.56601687074114,0,1996-02-05
60,7,A,jrbtx@cunb.edu,1,1,8.9659584269066,9.21093946016846,8.6483018567924,9.00267099261999,9.24765202588185,8.68501442250579,0,1995-12-07
60,7,A,oqocz@cunb.edu,2,1,6.0984033074235,7.31572628933987,6.09100638357973,5.25618345379074,6.47350643570711,5.24878652994697,0,1995-10-29
60,7,A,hj7x6@cunb.edu,2,1,4.70499419213649,4.69824267623391,4.10592889485325,1.66700309971896,1.66025158381638,1.06793780243572,0,1996-02-04
60,7,A,l3nuk@cunb.edu,1,1,7.41782262180655,7.37134207230716,6.49561029304474,8.24606010664825,8.19957955714885,7.32384777788643,0,1995-09-21
60,7,A,apk5r@cunb.edu,1,1,7.56061352547759,8.84868723936879,7.16207886199036,8.29429076186063,9.58236447575184,7.8957560983734,0,1995-11-25
60,7,A,blpby@cunb.edu,1,1,8.13179916293551,8.3414710714594,7.32307642615591,6.84540383740199,7.05507574592588,6.03668110062239,0,1995-09-14
60,7,B,viy4k@cunb.edu,1,1,5.02353235624488,5.5651937305158,6.12624681658801,5.51576931297984,6.05743068725076,6.61848377332296,1,1996-01-03
60,7,B,uskeb@cunb.edu,1,1,7.73410666419242,7.55012134380687,6.70931289263118,8.73463218107666,8.55064686069111,7.70983840951542,1,1996-06-16
60,7,B,wjny6@cunb.edu,1,1,5.17706348257615,4.21049167657746,5.29448024206339,5.59335770280634,4.62678589680766,5.71077446229359,1,1996-07-12
60,7,B,egz9x@cunb.edu,1,1,8.65175454692277,6.96858756478238,8.440938101628,8.20067757542335,6.51751059328296,7.98986113012858,1,1996-03-20
60,7,B,8rvc1@cunb.edu,1,2,4.84535679474923,4.20038933886665,4.60207998587268,7.20426307972929,6.55929562384671,6.96098627085274,1,1996-02-16
60,7,B,2dupu@cunb.edu,1,1,7.20005393038989,7.98706913331078,7.89618414604591,7.65127629500973,8.43829149793062,8.34740651066575,1,1996-07-20
60,7,B,fec7u@cunb.edu,2,1,5.96005593485116,6.31338336936116,6.14869765669956,7.5451439110926,7.89847134560259,7.73378563294099,1,1996-01-10
60,7,B,5vm3w@cunb.edu,1,1,4.77698020271822,5.61903769204258,6.04865742761507,5.62596150781789,6.46801899714225,6.89763873271474,1,1996-02-16
60,7,B,phmye@cunb.edu,2,1,9.30034851122578,8.51327155463328,8.75133703162825,8.47325228056491,7.68617532397241,7.92424080096737,1,1996-04-21
60,7,B,brbgf@cunb.edu,1,2,6.44115197117812,6.29273954936675,6.46705639566667,7.52998805090714,7.38157562909577,7.55589247539568,1,1996-03-11
60,7,B,itqg3@cunb.edu,1,1,9.10665385100725,8.69259698969978,7.85712944904077,10.0,,8.77195518611928,1,1996-01-12
60,7,B,evzar@cunb.edu,1,1,9.6249695136856,8.81498857174923,9.44810429221873,10.0,9.5361297544312,10.0,1,1995-09-03
60,7,B,ci0nk@cunb.edu,1,2,6.19983443967432,5.41206276859522,5.89417492715075,10.0,9.54666669293496,10.0,1,1996-08-10
60,7,B,av8xl@cunb.edu,2,1,7.05453468091302,8.84767576377355,8.35175956530013,6.51627212210006,8.30941320496059,7.81349700648717,1,1995-09-14
60,7,C,e51qc@cunb.edu,1,1,7.62761420960866,7.02208898979567,8.02684101899482,7.14805279256033,6.54252757274734,7.5472796019465,0,1996-05-02
60,7,C,dzzkk@cunb.edu,2,1,8.44887589684746,7.94205999256171,8.52215884693957,9.33916029575617,8.83234439147041,9.41244324584828,0,1995-10-10
60,7,C,hvbxx@cunb.edu,1,1,7.07115923582034,7.12248954611288,6.76185008991899,7.27186257475726,7.3231928850498,6.96255342885591,0,1996-06-04
60,7,C,wrvtx@cunb.edu,2,2,5.71320939797273,5.85366360226011,5.18262895277998,5.50776871709679,5.64822292138417,4.97718827190404,0,1995-12-24
60,7,C,6zaxy@cunb.edu,2,1,5.97221096052565,7.62820438022502,6.27380648634174,7.18896006592112,8.84495348562049,7.49055559173721,0,1995-10-05
60,7,C,gfzvb@cunb.edu,1,1,2.34019824157477,3.88802347139464,2.26828396081002,2.6918636904688,4.23968892028866,2.61994940970404,0,1996-06-04
60,7,C,yhxyz@cunb.edu,1,2,5.91666522373411,4.64087602200884,4.91185718013871,8.00908998012464,6.73330077839936,7.00428193652923,0,1996-01-03
60,7,C,eken4@cunb.edu,1,2,2.41443076231832,2.88474436072016,2.09386390461901,1.44521235679316,1.915525955195,1.12464549909385,0,1996-01-27
60,7,C,oebfj@cunb.edu,2,1,5.82703460256053,5.86107646270139,4.8237479027961,6.58362859916735,6.61767045930821,5.58034189940292,0,1996-07-22
60,7,D,zcjvz@cunb.edu,1,1,4.28708579914399,5.78293579362087,4.54014730185025,2.65603182133568,4.15188181581257,2.90909332404194,0,1996-05-20
60,7,D,p6kd8@cunb.edu,1,1,8.06439894387677,7.37755587041557,6.51235680418268,9.46166903350002,8.77482596003881,7.90962689380592,0,1996-08-01
60,7,D,n6q9u@cunb.edu,1,1,8.53806719362846,7.64801485177239,8.41504825318342,9.98325076154836,9.0931984196923,9.86023182110333,0,1996-04-27
60,7,D,grjci@cunb.edu,1,1,7.00243193474363,6.90788498245876,5.17604434401493,7.49988647720223,7.40533952491736,5.67349888647353,0,1996-04-28
60,7,D,pdhb7@cunb.edu,1,1,5.97406811684621,5.98638501528902,5.80332564095287,5.84109529715962,5.85341219560243,5.67035282126627,0,1995-12-20
60,8,A,p16qb@cunb.edu,1,2,6.04191394878341,6.82361353916837,6.34094049950851,6.68225439764715,7.46395398803211,6.98128094837225,0,1994-09-26
60,8,A,mngvm@cunb.edu,1,1,7.66956346429051,6.96418845786811,7.45086744141863,6.91097464295131,6.20559963652891,6.69227862007943,0,1995-08-14
60,8,A,9qag4@cunb.edu,1,1,7.07971336824665,7.7264109732754,7.90212282391111,8.59589312812583,9.24259073315458,9.41830258379029,0,1994-10-02
60,8,A,kgdke@cunb.edu,1,2,6.98800482970163,6.70140224133119,6.81711744420663,5.97877401683264,5.6921714284622,5.80788663133763,0,1995-08-27
60,8,A,gqggn@cunb.edu,1,1,6.1563247040931,6.18259140561259,5.99258993930108,3.89649941728131,3.9227661188008,3.73276465248928,0,1995-01-31
60,8,A,a9jhq@cunb.edu,1,1,6.72842301605502,5.76460877796868,7.31078701876337,6.68813711467087,5.72432287658453,7.27050111737922,0,1995-01-11
60,8,A,0c2ly@cunb.edu,1,1,7.60351824341353,7.50605820305657,7.76933703757834,9.80353657753944,9.70607653718247,9.96935537170424,0,1995-02-18
60,8,A,tbf1r@cunb.edu,1,2,7.60378404603688,8.00950950141413,6.8938449932204,8.62706895468356,9.03279441006081,7.91712990186708,0,1995-08-27
60,8,A,cj6fb@cunb.edu,2,1,3.18626361618673,2.99836189391946,3.76700696068739,2.95484410498931,2.76694238272204,3.53558744948997,0,1995-01-31
60,8,A,gaydk@cunb.edu,1,1,6.78573807644899,5.7353877489386,7.19463206445108,5.88438638673714,4.83403605922675,6.29328037473923,0,1995-06-24
60,8,A,dxkwr@cunb.edu,1,1,5.1273424343225,4.06289903233018,5.33407167550367,5.1289164514679,4.06447304947558,5.33564569264907,0,1995-02-02
60,8,A,o9pbf@cunb.edu,2,1,6.23848547939212,5.73565097585321,6.99760429574177,5.13315224045379,4.63031773691488,5.89227105680344,0,1995-05-24
60,8,A,yb9ri@cunb.edu,1,1,7.62633503672978,6.07427736490344,7.52587645293524,6.15954894996916,4.60749127814283,6.05909036617463,0,1995-01-11
60,8,A,meu6l@cunb.edu,1,1,7.53803032098608,8.12628145909206,8.63492633702503,6.8570626586793,7.44531379678529,7.95395867471825,0,1995-01-06
60,8,A,gtgaf@cunb.edu,2,1,5.87814599383636,6.65049256026759,6.19261460067718,4.95477211146775,5.72711867789897,5.26924071830857,0,1994-11-05
60,8,B,qwj7v@cunb.edu,2,1,4.9274026203938,5.12770208269731,6.48659717310594,6.99212900324774,7.19242846555126,8.55132355595988,1,1994-12-15
60,8,B,lqj8r@cunb.edu,1,1,8.42748859755752,6.80871814440993,6.72560818584693,8.04078206089345,6.42201160774586,6.33890164918286,1,1995-05-01
60,8,B,iafjf@cunb.edu,1,1,7.37562575955436,6.48618161650867,6.0120027584073,7.0992245401367,6.20978039709101,5.73560153898964,1,1995-07-08
60,8,B,okmyw@cunb.edu,1,1,9.49666085949192,10.0,9.94229843856791,8.31925436207987,8.82259350258795,8.76489194115587,1,1995-05-03
60,8,B,hkj9c@cunb.edu,1,1,7.20234128090009,7.0506150285007,8.57663061891138,8.42658288023591,8.27485662783652,9.8008722182472,1,1995-02-02
60,8,B,tqao6@cunb.edu,1,2,3.86150544585471,5.18860146665756,3.74973551073853,4.2741042062145,5.60120022701736,4.16233427109833,1,1994-10-30
60,8,B,zwsod@cunb.edu,1,2,5.71316258968464,7.20282468326068,6.48517782600275,7.40658954354273,8.89625163711877,8.17860477986084,1,1995-05-07
60,8,B,wld9l@cunb.edu,1,1,6.28087837514014,6.39794861371176,6.90403479602666,7.49486620131465,7.61193643988627,8.11802262220117,1,1995-07-23
60,8,B,kqh9f@cunb.edu,1,1,7.91587223980807,7.59225500544765,6.98211427575209,7.24924269100824,6.92562545664782,6.31548472695226,1,1994-10-22
60,8,B,jcacm@cunb.edu,1,1,6.59019579561028,5.99857037942457,6.23260329579535,8.16224858163607,7.57062316545036,7.80465608182114,1,1994-09-03
60,8,C,vbnmp@cunb.edu,1,1,8.80089805941077,8.86801030174809,8.11950518018546,8.07018737102182,8.13729961335914,7.38879449179651,1,1995-03-03
60,8,C,r9eq5@cunb.edu,1,1,4.72286262683292,4.60177299607266,4.84447914635484,4.60484640412273,4.48375677336248,4.72646292364465,1,1995-07-07
60,8,C,quxc5@cunb.edu,2,1,5.84188868653741,6.61905629829284,5.9768048598316,8.01605911138616,8.79322672314159,8.15097528468035,1,1995-03-08
60,8,C,wvkjj@cunb.edu,1,1,8.44349407957947,8.60568093689239,9.16143206548026,9.01728362294449,9.17947048025741,9.73522160884528,1,1995-06-19
60,8,C,qeqaa@cunb.edu,1,2,5.59316897763585,5.74728662612563,5.98684072213894,6.21753793814794,6.37165558663772,6.61120968265102,1,1995-02-08
60,8,C,e8abt@cunb.edu,1,1,9.37331614069926,9.97519071664946,10.0,8.65108384161012,9.25295841756033,9.27776770091087,1,1995-01-10
60,8,C,mikxs@cunb.edu,1,1,6.1052399466039,6.49946174977733,7.72387610955549,6.03873962942594,6.43296143259936,7.65737579237753,1,1995-06-18
60,8,C,kdg0a@cunb.edu,1,1,6.45564217726665,6.00149678719195,7.10695085768553,6.35117640717232,5.89703101709762,7.00248508759119,1,1994-09-23
60,8,C,iader@cunb.edu,1,1,7.73900259017565,7.77781482424207,6.05543571255721,5.87620918712896,5.91502142119538,4.19264230951052,1,1995-08-07
60,8,C,x786k@cunb.edu,1,2,8.35454105831998,8.9206926688956,7.64333042329493,8.66028303757867,9.22643464815428,7.94907240255361,1,1995-07-17
60,8,C,6viob@cunb.edu,1,1,8.22081205576053,7.94318011870003,6.46996580903745,8.38013427034398,8.10250233328347,6.62928802362089,1,1995-02-26
60,8,C,wa083@cunb.edu,2,2,5.21877279584141,3.56617232770504,3.83863059603454,,5.15954219312377,5.43200046145328,1,1994-11-25
60,8,C,jpeps@cunb.edu,1,1,8.48565813094033,9.9937211506593,9.71965004071249,8.14190026531393,9.64996328503291,9.37589217508609,1,1995-04-07
60,8,C,oliqb@cunb.edu,1,1,6.55441144169782,7.93882027981345,7.56299698506955,6.55414874355131,7.93855758166695,7.56273428692305,1,1994-12-04
60,8,D,ef8lb@cunb.edu,1,1,5.69336984143192,6.28132527437592,5.99875791905979,6.29936689724113,6.88732233018513,6.604754974869,1,1995-04-20
60,8,D,yfwpa@cunb.edu,2,1,4.80505820264981,5.78556291194574,6.03414975054503,4.95504242395827,5.9355471332542,6.1841339718535,1,1995-02-22
60,8,D,g2u7j@cunb.edu,1,1,8.03903750500823,7.86845987647022,8.61504986680294,8.77457024340105,8.60399261486304,9.35058260519576,1,1995-06-28
60,8,D,lfoap@cunb.edu,2,1,6.55565280391148,4.89651069807133,5.61616082692763,6.80086743433703,5.14172532849688,5.86137545735319,1,1994-12-04
60,8,D,3wg9w@cunb.edu,2,1,4.57164535772087,4.49994075212659,4.44922000037538,6.01868400418122,5.94697939858695,5.89625864683573,1,1995-01-13
60,8,D,edap2@cunb.edu,1,1,7.41407007934566,6.63335295464883,6.6389873258401,7.77488619462815,6.99416906993133,6.99980344112259,1,1995-01-01
60,8,D,xlphw@cunb.edu,1,1,5.65034737134331,5.99075927095466,6.30344375757479,5.22112098736286,5.56153288697422,5.87421737359434,1,1994-09-21
60,8,D,jstxt@cunb.edu,1,1,5.75512865314417,5.44557819318183,4.93870858557679,5.24883737485715,4.93928691489481,4.43241730728977,1,1995-01-11
60,8,D,v1hvg@cunb.edu,1,2,7.44519445691722,7.46023423662874,7.01613175701814,9.37916481145889,9.3942045911704,8.95010211155981,1,1995-03-02
60,8,D,fv6kq@cunb.edu,2,2,4.53940242148481,4.2501870351053,4.19081820912204,5.83830507555858,5.54908968917907,5.48972086319581,1,1995-05-14
60,8,D,k6fm5@cunb.edu,1,1,7.42027080640097,8.47162407845159,7.87336603667487,8.71708893723443,9.76844220928505,9.17018416750833,1,1994-12-11
60,8,D,791ty@cunb.edu,1,2,5.54725787457819,5.34901734250407,4.81974375988166,6.54048716630409,6.34224663422996,5.81297305160756,1,1994-12-03
141,6,A,zoaev@cunb.edu,2,1,8.60238503946575,7.73017503975542,8.63810757596629,9.7635666437216,8.89135664401128,9.79928918022215,0,1997-08-20
141,6,A,ex2cw@cunb.edu,1,1,9.05862292572452,7.80394634296713,7.50143243530361,8.50360092566192,7.24892434290453,6.94641043524101,0,1996-12-15
141,6,A,iz3va@cunb.edu,1,1,5.94529379632519,4.75154773339824,5.71442229820611,3.96373885609767,2.76999279317073,3.73286735797859,0,1997-04-08
141,6,A,jbroq@cunb.edu,1,2,6.86321921347571,7.15295854703454,7.81162049368886,6.5863130868053,6.87605242036412,7.53471436701844,0,1997-02-03
141,6,A,xr5xh@cunb.edu,1,1,8.05174595098583,7.73555678389607,9.23266926994188,7.90585818723211,7.58966902014236,9.08678150618816,0,1996-10-13
141,6,A,ojfsi@cunb.edu,1,1,5.61775359068151,5.66712338127281,7.48575144236992,6.37545991480362,6.42482970539492,8.24345776649204,0,1997-05-20
141,6,A,d0s1w@cunb.edu,1,2,7.57064616150542,8.2806634691669,7.59199396317213,8.62555315185276,9.33557045951424,8.64690095351947,0,1996-10-14
141,6,A,mwrvy@cunb.edu,1,1,5.49799951663857,5.02090565426891,5.12919123130535,7.49407491211846,7.0169810497488,7.12526662678524,0,1996-11-03
141,6,B,hhjjh@cunb.edu,1,1,9.54805019247893,9.98258031095925,8.96934139618266,9.11086659321461,9.54539671169494,8.53215779691834,0,1996-10-21
141,6,B,ydca8@cunb.edu,1,1,2.67997204617622,0.993820675304407,0.920921277841801,0.991779469413524,0.0,0.0,0,1996-11-02
141,6,B,frgam@cunb.edu,2,1,6.29808149096766,7.38533093669662,6.37801156454929,6.51511352916935,7.60236297489831,6.59504360275098,0,1996-12-14
141,6,B,4xcir@cunb.edu,2,1,9.05287358145969,8.36437892196508,9.08459447258891,10.0,9.31844208587695,10.0,0,1996-12-08
141,6,B,mgsvk@cunb.edu,1,1,8.1972349397513,6.90315767933157,6.81275618538734,9.11794842393036,7.82387116351064,7.73346966956641,0,1996-12-03
141,6,B,0s9ep@cunb.edu,1,2,9.24315852590281,8.27252966782454,9.44306180498007,8.44175690754466,7.47112804946639,8.64166018662192,0,1997-03-21
141,6,B,4znhx@cunb.edu,1,1,7.44638089273266,8.74885513164244,7.98826012896515,5.64626088384455,6.94873512275433,6.18814012007704,0,1996-09-22
141,6,B,visby@cunb.edu,1,1,5.42021950384233,5.75934644419331,6.82715626483414,4.82352483481119,5.16265177516217,6.230461595803,0,1997-07-30
141,6,B,luh2b@cunb.edu,1,2,6.22787351667729,5.57134430058148,5.41027904249576,4.41801034796479,3.76148113186899,3.60041587378326,0,1996-09-02
141,6,B,elapl@cunb.edu,1,1,3.58208699378326,3.93831500497788,4.25802820402338,3.27690805073093,3.63313606192555,3.95284926097106,0,1996-09-09
141,6,B,2mjto@cunb.edu,1,1,5.56452037529239,4.4262766381275,4.09168872139567,5.09613805660297,3.95789431943808,3.62330640270625,0,1997-03-07
141,6,B,snssg@cunb.edu,1,1,7.70304219298725,7.02507146182199,8.01000153147344,7.44715415749971,6.76918342633445,7.75411349598591,0,1997-03-25
141,6,B,n4zku@cunb.edu,1,2,3.50974979264488,4.46855064075266,4.12037081470539,2.84258343619105,3.80138428429883,3.45320445825156,0,1996-09-28
141,6,B,uj964@cunb.edu,1,1,2.78487169857964,2.89892337353796,2.36267834178999,4.5309533937904,4.64500506874872,4.10876003700075,0,1997-02-05
141,6,B,3n5cp@cunb.edu,2,2,5.59925704806,5.80764770305604,5.82423114714101,4.37022771252993,4.57861836752596,4.59520181161094,0,1997-05-15
141,6,B,wi6km@cunb.edu,1,1,8.21848939118786,7.65151942979423,8.98926364902286,6.82186147116382,6.25489150977019,7.59263572899882,0,1996-09-22
141,6,B,tmw6l@cunb.edu,1,1,8.64654454465014,9.98585134155107,9.68393069847477,7.47783166467222,8.81713846157315,8.51521781849685,0,1997-07-25
141,6,B,db0rt@cunb.edu,1,1,7.67019828805162,8.32954246295078,7.49369889847396,5.88926825314337,6.54861242804253,5.71276886356571,0,1996-11-27
141,6,C,ibld4@cunb.edu,2,1,5.53044709800176,4.93579243919245,5.40064585352681,5.85283829194218,5.25818363313288,5.72303704746723,1,1997-04-28
141,6,C,i17zt@cunb.edu,1,2,6.30917798497651,6.47454728049163,6.51318931861718,5.29172172661919,5.45709102213431,5.49573306025986,1,1997-04-10
141,6,C,u5wrk@cunb.edu,2,1,8.86127404591258,8.55215432729761,8.13908150095682,10.0,9.72148688541565,9.30841405907486,1,1996-11-17
141,6,C,os8m7@cunb.edu,1,1,6.46608303681144,7.1027980414977,6.61662734214344,5.91661867751883,6.55333368220509,6.06716298285083,1,1997-01-19
141,6,C,e7tcp@cunb.edu,1,1,5.91439715640366,5.54966629490003,5.70968731406822,6.67385229880417,6.30912143730054,6.46914245646874,1,1997-06-29
141,6,C,cvses@cunb.edu,1,2,5.70973157535839,4.47411643087464,4.02708167748126,6.02474299496359,4.78912785047984,4.34209309708646,1,1997-05-26
141,6,C,4pgt2@cunb.edu,1,2,6.5715417484916,6.06982597989731,5.82454547846459,7.02911642080822,6.52740065221392,6.28212015078121,1,1996-12-16
141,6,C,d6qlx@cunb.edu,1,1,6.97127983810882,7.64721036980431,6.9638285646079,6.52370813735852,7.199638669054,6.5162568638576,1,1997-08-19
141,6,C,pokmj@cunb.edu,1,1,6.2074339068054,5.77314603603695,5.85531037296418,6.59567141981506,6.1613835490466,6.24354788597384,1,1997-04-11
141,6,C,3skia@cunb.edu,2,1,7.50845143753805,7.3940716166585,8.069595611149,7.11099446492265,6.9966146440431,7.6721386385336,1,1997-02-07
141,6,C,hmccs@cunb.edu,2,1,5.26142143489041,5.04860592338436,5.03751866270968,5.89032247465491,5.67750696314886,5.66641970247417,1,1996-12-11
141,6,C,nsysc@cunb.edu,2,1,5.97318253470472,6.50312598133347,7.13383650584034,5.32669772790554,5.85664117453429,6.48735169904116,1,1996-11-16
141,6,C,lq72r@cunb.edu,1,1,6.78365503723679,7.43657201907543,8.19197662833092,4.75600856507818,5.40892554691682,6.16433015617231,1,1997-02-17
141,6,D,nwfr2@cunb.edu,1,2,3.94578019012878,3.98131295289094,4.85604734108964,4.39299179015,4.42852455291216,5.30325894111086,0,1997-08-28
141,6,D,cx2t7@cunb.edu,1,2,6.05896957852872,5.45266494789156,5.21445369469928,5.90123985988111,5.29493522924394,5.05672397605166,0,1997-03-21
141,6,D,ggmwq@cunb.edu,1,1,3.4683732712062,4.94330820956993,5.0441973680051,3.76084536901376,5.23578030737749,5.33666946581266,0,1996-11-23
141,6,D,grldy@cunb.edu,1,1,4.77901765402316,5.11085786461739,4.43564889883532,4.28457230286223,4.61641251345647,3.94120354767439,0,1996-10-13
141,6,D,xgrrw@cunb.edu,1,1,6.63685997907137,6.22479606704851,6.60215301724216,7.66020164464418,7.24813773262132,7.62549468281496,0,1997-04-09
141,6,D,uidxk@cunb.edu,1,1,6.75299984780476,7.3847411289379,6.73330433671698,6.81447785864299,7.44621913977614,6.79478234755522,0,1997-06-21
141,6,D,zxthu@cunb.edu,1,1,4.47400893781846,4.10826396614825,3.3967348281159,4.47841864315763,4.11267367148742,3.40114453345507,0,1997-04-07
141,6,D,tsenb@cunb.edu,2,2,2.4416552775995,1.63019019910034,2.50476618469592,1.56813047828927,0.756665399790097,1.63124138538568,0,1996-09-06
141,6,D,wkmoo@cunb.edu,1,1,8.94110388909491,8.34894977365645,9.46671441192763,7.66831630898457,7.07616219354611,8.19392683181729,0,1997-01-31
141,6,D,wqiit@cunb.edu,1,1,8.66599320367839,8.91504883746545,7.92711610793065,8.01863049786236,8.26768613164942,7.27975340211462,0,1997-05-12
141,6,D,fcrc7@cunb.edu,1,1,6.13217932915123,6.45395061418222,7.34904377719195,6.77697581376261,7.0987470987936,7.99384026180333,0,1997-08-16
141,6,D,jeepw@cunb.edu,2,1,4.42372121313321,5.44040902634816,4.71096574818449,3.79923222017128,4.81592003338623,4.08647675522256,0,1996-12-22
141,7,A,5sg0z@cunb.edu,1,1,6.0082707020716,4.22630400185298,4.87163683420803,6.78397012139399,5.00200342117538,5.64733625353043,1,1996-01-13
141,7,A,xyxmn@cunb.edu,1,1,8.54339990943357,9.05104574460223,9.28925408694579,7.36685263041983,7.87449846558849,8.11270680793206,1,1995-09-19
141,7,A,syj9l@cunb.edu,1,1,6.51341847550596,5.39306833396207,6.37013323965023,7.3855613844412,6.26521124289731,7.24227614858548,1,1996-07-18
141,7,A,sq1yi@cunb.edu,1,1,4.49624243785157,5.90288014371409,5.0182181381294,4.78195286176054,6.18859056762306,5.30392856203838,1,1996-02-23
141,7,A,ob9no@cunb.edu,1,1,6.74854186354553,6.10018968293792,5.97007951271137,6.11601590287981,5.46766372227219,5.33755355204565,1,1996-03-26
141,7,A,izc6a@cunb.edu,2,1,8.18106298235996,8.1265110819955,9.68480261409475,8.10326257971568,8.04871067935122,9.60700221145047,1,1996-02-25
141,7,A,tebvj@cunb.edu,1,1,4.59179268036331,5.56304899467449,5.9852122706763,4.6309416857144,5.60219800002558,6.02436127602739,1,1996-04-08
141,7,A,gusyu@cunb.edu,2,1,6.655371211701,7.30659759580058,7.21648526214894,6.65815995935518,7.30938634345476,7.21927400980312,1,1995-10-02
141,7,A,h3w2w@cunb.edu,1,1,4.65360064390876,3.03502973221071,4.39772380009122,4.61046272416802,2.99189181246998,4.35458588035049,1,1995-09-19
141,7,A,4tgfx@cunb.edu,2,1,7.84061407961288,8.710327203035,6.7984407573227,7.10615653398827,7.97586965741039,6.06398321169809,1,1996-02-12
141,7,A,o6tig@cunb.edu,1,2,3.78403991506403,4.60892123308932,4.94087855190938,4.60070240552403,5.42558372354932,5.75754104236938,1,1995-11-19
141,7,A,vivwo@cunb.edu,2,1,7.72016957765687,6.78066207412872,7.67103804033492,7.13390479570017,6.19439729217202,7.08477325837822,1,1996-01-14
141,7,A,o8col@cunb.edu,1,1,5.4277109347726,3.88303161062997,3.47646146290701,4.82505042654544,3.2803711024028,2.87380095467984,1,1995-10-03
141,7,A,1nb4u@cunb.edu,1,1,7.72523164078921,7.031820085648,5.95739321159527,8.95399136614049,8.26057981099927,7.18615293694654,1,1996-04-01
141,7,A,mioli@cunb.edu,2,2,7.10959137431553,7.34260032526425,5.4715828193838,10.0,10.0,8.92409756252139,1,1996-03-27
141,7,B,39jqs@cunb.edu,1,1,6.87619469560171,8.0493130391785,7.2971107816645,7.10505061677496,8.27816896035175,7.52596670283775,1,1996-07-15
141,7,B,wqrc4@cunb.edu,1,1,5.58752195880445,6.51345458457874,6.09338630892964,5.87188655498153,6.79781918075582,6.37775090510672,1,1996-07-27
141,7,B,ozpnv@cunb.edu,1,2,8.47028994941788,8.51085992632138,7.70137298721525,8.67017806798844,8.71074804489194,7.9012611057858,1,1995-09-14
141,7,B,csk8w@cunb.edu,1,1,7.3217185988433,9.07482705091753,7.40690579930016,8.27743472637798,10.0,8.36262192683484,1,1995-12-28
141,7,B,gskpq@cunb.edu,1,1,7.57237919416247,7.6603714380969,6.4945975010839,7.8617664039332,7.94975864786762,6.78398471085462,1,1996-08-26
141,7,B,dnsdl@cunb.edu,1,1,8.29164132425944,7.4595064310954,7.78330740841488,9.65655236312437,8.82441746996033,9.14821844727981,1,1996-06-19
141,7,B,uetdr@cunb.edu,2,1,7.5928264688365,7.18387791557609,8.30130612148343,7.02119947969376,6.61225092643334,7.72967913234069,1,1996-01-29
141,7,B,txdig@cunb.edu,1,2,8.00521679095889,7.89254320146481,6.95148949105258,10.0,10.0,9.6445426865553,1,1996-02-24
141,7,B,z2nhz@cunb.edu,1,1,3.59565442905292,2.3403816457139,2.41138159215912,4.34725622072303,3.09198343738401,3.16298338382924,1,1995-12-25
141,7,B,3anp4@cunb.edu,1,1,6.91329243882962,5.98569680062525,6.70647401699267,7.05212340940486,6.12452777120049,6.84530498756792,1,1996-05-09
141,7,B,tenox@cunb.edu,1,1,6.70228689134647,6.16224741161396,7.64113518612986,8.47478508261938,7.93474560288687,9.41363337740277,1,1996-02-21
141,7,B,gqfrq@cunb.edu,1,1,6.32985325483918,6.66779957199782,6.98769175168439,7.04392545740429,,7.70176395424951,1,1996-05-02
141,7,B,q1zoh@cunb.edu,1,1,8.64731095924375,9.28085078771559,7.93467698672188,9.19475437494332,9.82829420341516,8.48212040242145,1,1996-03-28
141,7,C,6zo9s@cunb.edu,1,2,9.20714455575702,8.833523212122,8.29249663430286,10.0,10.0,10.0,1,1996-05-05
141,7,C,oguco@cunb.edu,2,2,4.48087101989789,3.86437858689009,5.09260382271735,5.72859715320965,5.11210472020185,6.34032995602911,1,1996-01-04
141,7,C,p3lse@cunb.edu,1,2,5.27709227415279,4.86608327633247,4.31098622257367,6.69507092814613,6.28406193032582,5.72896487656702,1,1995-10-19
141,7,C,y6rdb@cunb.edu,2,1,3.88349897546122,4.48600853645602,4.81829473880479,5.17532331464388,5.77783287563868,6.11011907798745,1,1996-04-05
141,7,C,xbpfw@cunb.edu,1,2,3.55183417198188,3.61450973140947,3.36021145001925,6.0369229383436,6.09959849777119,5.84530021638097,1,1996-08-23
141,7,C,seumo@cunb.edu,1,1,9.01521338139492,9.66893712374213,8.52195563436317,8.54301054516536,9.19673428751257,8.04975279813361,1,1995-11-12
141,7,C,4dces@cunb.edu,2,1,6.03720368904767,6.70378173742218,5.84543352707995,5.90823632845202,6.57481437682652,5.71646616648429,1,1996-04-13
141,7,C,g7dgm@cunb.edu,1,1,6.86810341660746,6.63328941675716,6.00360119013929,8.05678778802823,7.82197378817793,7.19228556156005,1,1996-05-15
141,7,C,eiltc@cunb.edu,1,1,5.78266257128507,6.68755186150611,5.67138644714669,5.32988957784562,6.23477886806666,5.21861345370724,1,1996-06-12
141,7,C,cee3e@cunb.edu,1,2,7.65816353318224,7.08906873791421,6.94214321496839,9.69627683803252,9.1271820427645,8.98025651981867,1,1996-06-06
141,7,C,2hbgs@cunb.edu,1,2,7.34832699228594,6.86235033771539,5.57760355858648,10.0,10.0,9.29725926383979,1,1996-01-14
141,7,D,tysze@cunb.edu,1,1,8.19240062170875,7.64339025457603,8.05971064650667,8.80551353772444,8.25650317059172,8.67282356252236,0,1996-01-01
141,7,D,d1vbx@cunb.edu,2,1,9.37084385751522,8.73732069366387,7.82731569044999,10.0,9.93006045892924,9.02005545571535,0,1996-02-27
141,7,D,biq8t@cunb.edu,1,1,3.61712129716307,3.95381731981889,4.6025919814083,4.02919616463867,4.36589218729448,5.0146668488839,0,1995-11-26
141,7,D,384um@cunb.edu,1,1,9.12941785349844,8.98822249898089,9.07596614032385,9.23031883660462,9.08912348208707,9.17686712343004,0,1996-04-19
141,7,D,o1qag@cunb.edu,1,1,9.62425981567518,8.80747141142653,9.34344438382701,8.7799859144977,7.96319751024904,8.49917048264953,0,1996-05-24
141,7,D,pwvvy@cunb.edu,2,1,7.89781837134507,6.53563572295827,6.58055580097136,6.60097968073763,5.23879703235083,5.28371711036392,0,1996-03-05
141,7,D,pm2fp@cunb.edu,1,1,4.74637372946522,6.25916687088242,6.42240529848418,5.06424309846306,6.57703623988027,6.74027466748202,0,1996-05-10
141,7,D,uh5yn@cunb.edu,1,2,4.9104984831613,6.15165915951026,5.80281237704572,4.77740317233833,6.01856384868728,5.66971706622275,0,1996-08-20
141,7,D,phy0p@cunb.edu,1,1,9.27171486116116,9.56595112861236,9.59476256569018,7.45548101137884,7.74971727883004,7.77852871590786,0,1996-04-19
141,8,A,uebex@cunb.edu,1,1,7.72206248787975,7.83907446058279,8.05187364181315,7.37056889658555,7.48758086928859,7.70038005051896,0,1995-08-29
141,8,A,3cxlm@cunb.edu,1,1,9.39224281437393,8.68942516898434,8.46271626367863,9.59202651789069,8.88920887250111,8.66249996719539,0,1995-01-21
141,8,A,ixqzt@cunb.edu,1,1,6.06443894825459,5.19400758001537,5.77813372931958,5.67087387756961,4.80044250933039,5.3845686586346,0,1994-11-01
141,8,A,iy8og@cunb.edu,1,1,5.95395417303865,6.06810500684281,5.1922409965386,4.47617562777326,4.59032646157742,3.71446245127321,0,1994-10-20
141,8,A,itssc@cunb.edu,1,1,7.33933429965019,8.00839131870508,7.84864151324347,6.76436822096486,7.43342524001975,7.27367543455813,0,1995-05-26
141,8,A,1akni@cunb.edu,2,2,6.99325455213464,7.82707139943293,6.63628332643337,5.66828125144908,6.50209809874737,5.31131002574781,0,1994-09-21
141,8,A,gifdg@cunb.edu,1,1,7.05869772262338,7.42858333629954,7.23336272617268,6.41031693129374,6.7802025449699,6.58498193484305,0,1995-06-24
141,8,A,ffwoy@cunb.edu,1,1,6.68181479806161,8.26038844175718,6.75856251027516,7.50080872610917,9.07938236980474,7.57755643832272,0,1994-12-08
141,8,B,kxc21@cunb.edu,2,1,9.17566477885283,9.31333705741725,8.3534188522566,8.38748963613722,8.52516191470164,7.56524370954099,1,1994-10-15
141,8,B,xmrfv@cunb.edu,1,1,8.63555482232879,8.85701908886369,7.13018267618428,9.14835160389944,9.36981587043434,7.64297945775493,1,1994-09-20
141,8,B,eh7xm@cunb.edu,1,1,7.25656373695211,8.44233928424047,8.18524231797756,6.63772238889419,7.82349793618254,7.56640096991964,1,1994-11-11
141,8,B,owwrw@cunb.edu,2,2,5.14659051514472,4.2372314591078,4.90219203579481,99999.0,5.97974029754428,6.64470087423129,1,1995-01-08
141,8,B,dm4xb@cunb.edu,1,1,6.94816636582991,6.06813565697675,7.4176899498344,9.2226689275208,8.34263821866764,9.69219251152529,1,1995-04-25
141,8,B,ccccr@cunb.edu,2,2,3.88302206797781,4.90538447015243,5.1449991789672,5.57806150428379,6.60042390645841,6.84003861527318,1,1995-08-05
141,8,B,txong@cunb.edu,1,1,8.0508384613758,9.34026934089791,8.47877995366883,8.85415742637572,10.0,9.28209891866875,1,1995-06-09
141,8,B,n0nxd@cunb.edu,1,2,6.20523902921909,5.90092518701189,7.41923109264084,8.75753731048262,8.45322346827543,9.97152937390437,1,1995-04-19
141,8,B,a01rl@cunb.edu,2,1,7.63997869715624,6.85552973403193,7.10551158721157,8.58159161144019,7.79714264831589,8.04712450149552,1,1995-08-27
141,8,B,s1li5@cunb.edu,1,1,7.75439230711815,6.52421931396854,6.71177678448764,7.09302521071301,5.8628522175634,6.0504096880825,1,1995-01-17
141,8,B,cklrc@cunb.edu,2,2,6.2045139097146,6.54211641890027,4.938044900494,8.0180326669212,8.35563517610687,6.7515636577006,1,1995-06-12
141,8,B,cop0v@cunb.edu,1,1,7.35165079886384,7.57380508508824,7.02094664534845,8.2435920634577,8.4657463496821,7.9128879099423,1,1995-05-03
141,8,C,hjvos@cunb.edu,2,1,5.33872332807777,6.16962215129433,4.85966211615277,4.01692950768655,4.84782833090311,3.53786829576155,0,1995-06-25
141,8,C,d6tvw@cunb.edu,2,1,7.8687521635207,6.04666382042939,7.53426647527392,9.50023051557595,7.67814217248464,9.16574482732916,0,1994-09-13
141,8,C,5xhhv@cunb.edu,1,1,6.65922549525918,5.78345026886733,6.29882757710935,7.74352569306588,6.86775046667403,7.38312777491605,0,1994-10-11
141,8,C,rksxb@cunb.edu,1,1,7.71077060783436,7.9591962885127,8.02987022688766,7.14749338551258,7.39591906619092,7.46659300456589,0,1995-06-10
141,8,C,wtodi@cunb.edu,2,1,7.09502975309198,5.51111675558542,5.58632901024004,8.05450178839365,6.4705887908871,6.54580104554171,0,1995-07-29
141,8,C,znie7@cunb.edu,1,1,8.86659115639229,8.16443248412286,8.99505901516129,9.07516230371817,8.37300363144873,9.20363016248717,0,1995-08-10
141,8,C,144ga@cunb.edu,1,1,9.23751489942595,10.0,8.41417594471648,10.0,10.0,9.43399723845889,0,1994-11-12
141,8,C,jfvhz@cunb.edu,1,2,9.29842449711128,9.20621598265557,9.08620523135601,8.37020557828458,8.27799706382887,8.15798631252931,0,1995-03-14
141,8,C,5xeof@cunb.edu,1,1,9.13501054724832,8.84110261012023,9.407451285293,10.0,9.86644034282531,10.0,0,1994-12-29
141,8,C,g5xpk@cunb.edu,2,1,6.232663190114,5.61641019781182,6.56710799423109,6.75046536959135,6.13421237728917,7.08491017370843,0,1995-06-30
141,8,C,fo8dd@cunb.edu,2,2,5.21389961138107,5.45188156643622,6.4060318236027,7.32267864251467,7.56066059756982,8.51481085473629,0,1994-11-19
141,8,C,vg9kw@cunb.edu,2,2,8.66488910231582,6.87431822482339,8.31360857512644,9.08668105911878,7.29611018162635,8.7354005319294,0,1995-03-06
141,8,C,eyxz1@cunb.edu,1,1,4.87333700495259,6.2773975615059,4.92126624022098,5.68170174411634,7.08576230066965,5.72963097938473,0,1995-02-02
141,8,D,bapjk@cunb.edu,2,1,6.55579783107411,7.5788012402251,7.90715177255939,8.12545480298908,9.14845821214007,9.47680874447437,1,1994-11-29
141,8,D,hcwwl@cunb.edu,1,1,6.21038860522235,6.32815739998619,6.38828573536153,7.18411244084912,7.30188123561295,7.36200957098829,1,1994-10-25
141,8,D,jdzm1@cunb.edu,1,1,5.15770715058875,4.77157037009579,4.06906146093366,6.1281951569385,5.74205837644554,5.0395494672834,1,1995-08-07
141,8,D,4qxyh@cunb.edu,1,1,8.828945940344,8.03640360197273,9.04695667557639,9.27782977472618,8.4852874363549,9.49584050995856,1,1995-01-22
141,8,D,zebkg@cunb.edu,1,1,8.79799424247053,8.06127974991855,8.38413912379351,9.75067184722273,9.01395735467075,9.33681672854571,1,1995-05-12
141,8,D,6amst@cunb.edu,1,1,4.69144835069873,5.34881125602968,4.92434841094636,7.93094868526126,8.58831159059221,8.16384874550889,1,1995-02-14
141,8,D,qdsd6@cunb.edu,1,1,8.68293023536292,8.91597303243665,9.12220425585596,9.94093115047826,10.0,10.0,1,1995-08-24
141,8,D,zefot@cunb.edu,1,1,8.01049443617671,8.71929655041754,7.72954707270696,8.5101366055496,9.21893871979043,8.22918924207985,1,1995-07-23
141,8,D,aphb1@cunb.edu,1,1,6.09953493672432,5.82836205839189,5.93177374267029,6.53598480412142,6.26481192578898,6.36822361006738,1,1995-02-17
141,8,D,nbfqh@cunb.edu,1,1,8.04271479105837,8.69251109628267,7.0295589674849,7.47173093771338,8.12152724293768,6.45857511413991,1,1994-11-04
141,8,D,ahyvt@cunb.edu,1,1,4.19816705560324,4.93868112586451,5.51064678676439,4.44070179042483,5.1812158606861,5.75318152158597,1,1995-06-05
141,8,D,indmj@cunb.edu,1,1,8.43972011605348,7.69847336873482,7.0218059518009,8.99591142020326,8.2546646728846,7.57799725595068,1,1995-06-01
141,8,D,reto6@cunb.edu,1,1,8.18501476742348,8.87725917235038,8.24931817393771,7.24090840581795,7.93315281074485,7.30521181233218,1,1995-05-19
141,7,C,xbpfw@cunb.edu,1,2,3.55183417198188,3.61450973140947,3.36021145001925,6.0369229383436,6.09959849777119,5.84530021638097,1,1996-08-23
262,6,A,trfp2@cunb.edu,1,1,7.36200823790292,7.31599851899679,7.62208309552531,6.27742263298005,6.23141291407391,6.53749749060243,1,1997-01-27
262,6,A,pljah@cunb.edu,1,1,3.46680713796514,3.80776382077011,4.48560369738834,2.47550965391544,2.81646633672041,3.49430621333865,1,1997-04-03
262,6,A,hq586@cunb.edu,1,1,5.83835188867659,6.33961748248101,6.55679106628657,5.48221206551999,5.98347765932441,6.20065124312997,1,1997-03-04
262,6,A,j7ffs@cunb.edu,2,1,2.80254034840087,3.54695236173043,4.37352773968646,3.065767633468,3.81017964679756,4.63675502475359,1,1997-02-17
262,6,A,pb186@cunb.edu,1,1,7.29413927013695,8.1948133254674,7.87361178912863,6.78183133015463,7.68250538548508,7.36130384914631,1,1996-09-01
262,6,A,gf3pv@cunb.edu,1,1,7.0976604674234,7.51101689778631,8.33059236213927,8.02361927374479,8.4369757041077,9.25655116846066,1,1997-02-22
262,6,A,eykh1@cunb.edu,2,1,7.00941344503201,6.059276506434,6.34497497383393,4.97508424734878,4.02494730875077,4.3106457761507,1,1996-12-22
262,6,A,zy8lq@cunb.edu,2,1,5.97386736302259,7.22813115055296,5.70537270298782,6.19529810203066,7.44956188956102,5.92680344199588,1,1996-10-19
262,6,A,oduiy@cunb.edu,1,2,7.55346705958371,7.67753037072842,7.42932805659373,10.0,10.0,9.93753013140293,1,1996-09-17
262,6,A,hkjo3@cunb.edu,1,1,5.76333088262535,5.56729946492768,6.2963270589017,7.67021488823404,7.47418347053637,8.20321106451039,1,1997-03-08
262,6,A,x86tq@cunb.edu,1,1,5.29252018486748,4.14222423625777,5.63670429434294,6.54627357476444,5.39597762615473,6.89045768423991,1,1997-03-31
262,6,A,swejn@cunb.edu,1,1,10.0,10.0,9.36830394787957,10.0,10.0,9.37733450769111,1,1997-03-26
262,6,B,q0a7t@cunb.edu,1,1,6.32070100154733,6.44006033647811,5.20258616736164,7.31251741000521,7.43187674493599,6.19440257581952,0,1997-05-29
262,6,B,32cur@cunb.edu,1,1,7.70513519389132,8.046857507206,7.33099063695917,7.09970114958501,7.44142346289969,6.72555659265286,0,1997-01-22
262,6,B,qshqq@cunb.edu,1,1,4.48119141771039,4.35441705355933,4.81589376139035,3.07914508246076,2.9523707183097,3.41384742614073,0,1996-09-04
262,6,B,p8egp@cunb.edu,2,1,7.08237257433106,7.73659426785056,7.77847296484728,8.16898752110302,8.82320921462252,8.86508791161924,0,1997-05-08
262,6,B,iwvhg@cunb.edu,1,1,7.21571788197576,8.30107895709767,7.25846145773499,6.31377300552642,7.39913408064833,6.35651658128565,0,1997-04-21
262,6,B,czp04@cunb.edu,1,1,7.08159008423299,5.49772440024153,6.19110503361061,6.83548024051341,5.25161455652194,5.94499518989103,0,1997-01-27
262,6,B,y4lme@cunb.edu,2,1,6.77704461276748,6.44646185435571,6.60159237016209,7.54600830009988,7.21542554168812,7.3705560574945,0,1997-02-15
262,6,B,8grtx@cunb.edu,1,1,9.19664684862489,8.16475760231385,9.23348725906232,9.55273003018129,8.52084078387025,9.58957044061872,0,1997-08-23
262,6,B,b9q3e@cunb.edu,1,1,7.22409351696991,8.08885876709395,7.03498529098728,8.91265576938951,9.77742101951354,8.72354754340687,0,1997-08-20
262,6,B,m5qbs@cunb.edu,1,1,8.98313850608969,8.21104308615753,7.5310493551878,10.0,9.9355455381739,9.25555180720418,0,1997-06-20
262,6,B,89zbd@cunb.edu,1,1,6.84628404973712,8.25811398558955,7.72462709731128,4.92661392045314,6.33844385630558,5.8049569680273,0,1997-01-16
262,6,B,s3cpz@cunb.edu,1,1,4.55410680167533,4.78734261116169,5.30780239209688,4.62061680864566,4.85385261813202,5.37431239906722,0,1997-03-02
262,6,C,yhpgf@cunb.edu,1,1,5.89491081913118,7.38159703021054,7.69681000220706,6.05213979609534,7.5388260071747,7.85403897917122,1,1997-01-11
262,6,C,pf5hn@cunb.edu,2,1,6.13396940893741,5.43463664083989,5.18156792178066,7.0750262570314,6.37569348893388,6.12262476987465,1,1997-04-14
262,6,C,56wet@cunb.edu,1,2,7.86120386197933,8.44469432774701,8.24249898884215,6.62309062594507,7.20658109171275,7.0043857528079,1,1997-07-06
262,6,C,51hil@cunb.edu,1,1,6.59383552557737,5.51131431887806,5.83394193871826,7.0980012019709,6.01547999527159,6.33810761511179,1,1997-01-14
262,6,C,cn2qd@cunb.edu,1,1,6.6049466872652,6.08747006990657,6.20727921361745,8.31432591152399,7.79684929416536,7.91665843787624,1,1997-05-09
262,6,C,cugcz@cunb.edu,1,1,8.42849651148448,7.58969283040518,8.42762463895509,8.38466527726506,7.54586159618576,8.38379340473567,1,1996-11-17
262,6,C,xsuhy@cunb.edu,1,1,3.873139477848,3.68933933419261,4.56003750958566,6.49079275781063,6.30699261415524,7.17769078954829,1,1996-11-28
262,6,C,3bpll@cunb.edu,1,1,8.14390565736593,7.49841358654575,8.91060264503957,7.55157005242328,6.9060779816031,8.31826704009692,1,1997-02-25
262,6,C,dgulq@cunb.edu,2,1,5.14829955557631,5.44432723317565,5.58135454338314,6.53974513010955,6.83577280770889,6.97280011791638,1,1996-10-27
262,6,C,isxon@cunb.edu,1,1,8.32849864800241,7.30509155847844,8.02894845650312,8.91348837942809,7.89008128990412,8.6139381879288,1,1996-12-18
262,6,C,mqfka@cunb.edu,1,1,5.3773696502805,5.72970954805094,4.87106869706365,6.85630248818367,7.2086423859541,6.35000153496682,1,1997-01-17
262,6,C,x8nmi@cunb.edu,1,1,6.0738999006197,6.32536314715148,7.45045830643253,7.87175643209883,8.12321967863062,9.24831483791166,1,1996-10-09
262,6,C,oqbjb@cunb.edu,1,1,3.97275249859729,4.45589194367119,3.71526389722192,6.01970120245037,6.50284064752427,5.762212601075,1,1996-12-16
262,6,C,bel1n@cunb.edu,1,1,5.47012274524472,5.64615115801147,3.89964890804417,6.29398627583885,6.4700146886056,4.72351243863829,1,1997-03-21
262,6,C,tymaf@cunb.edu,2,1,8.42821397620293,8.96434603293466,8.02001272874924,7.98311608525677,8.5192481419885,7.57491483780308,1,1996-12-14
262,6,D,myw7o@cunb.edu,1,1,6.3512055105635,6.46819016850674,6.11188666337291,7.67301272585907,7.78999738380232,7.43369387866848,0,1997-01-03
262,6,D,86g8i@cunb.edu,1,1,6.20486548067527,5.04359193974631,5.44004805050315,6.03772092755427,4.87644738662531,5.27290349738215,0,1997-06-24
262,6,D,z73xp@cunb.edu,2,1,9.41430602438209,8.76537072734368,9.52405954926667,10.0,9.4151398953766,10.0,0,1996-11-24
262,6,D,5sard@cunb.edu,1,2,7.31305967681294,7.59630698422154,7.41877309410085,9.86375270936539,10.0,9.96946612665331,0,1996-11-05
262,6,D,9shph@cunb.edu,1,1,7.30576772040513,8.02326226730657,7.78853966652242,6.57478377438951,7.29227832129095,7.0575557205068,0,1997-08-19
262,6,D,icmoa@cunb.edu,2,1,6.35254563641537,6.40856232232217,7.95557402371232,7.45512895888477,7.51114564479156,9.05815734618171,0,1997-05-15
262,6,D,fxqnx@cunb.edu,1,2,2.50377061946776,2.70084177174133,3.35800125061062,3.75844085903325,3.95551201130682,4.61267149017611,0,1996-10-13
262,6,D,z1lym@cunb.edu,2,1,6.88588744410936,6.80116649353567,7.26045051645178,6.07119241703397,5.98647146646028,6.44575548937639,0,1997-06-07
262,6,D,goxvv@cunb.edu,1,1,5.7820245110317,5.50424085174491,5.50609176409234,4.84470420988306,4.56692055059626,4.56877146294369,0,1997-06-10
262,6,D,zny9a@cunb.edu,1,1,8.02000064198338,7.25380577082225,6.94332290795111,8.67439982212316,7.90820495096203,7.59772208809089,0,1997-04-15
262,7,A,kwr8t@cunb.edu,1,1,4.43024965156525,4.67821209612027,5.78601541104451,4.90064179104973,5.14860423560475,6.25640755052899,1,1995-10-14
262,7,A,phbnm@cunb.edu,1,1,6.89445184606862,8.39735174195644,7.53130723599147,7.29888969580009,8.80178959168791,7.93574508572295,1,1995-09-27
262,7,A,ulboo@cunb.edu,1,2,5.58677659490967,5.87037651874015,4.82755362735952,6.05732592114949,6.34092584497997,5.29810295359934,1,1995-09-04
262,7,A,obihc@cunb.edu,1,1,5.12535052207966,5.83404912540425,5.91572885654603,5.51675870926193,6.22545731258652,6.30713704372829,1,1995-11-10
262,7,A,kppfw@cunb.edu,1,1,8.12553738363784,8.39148522474568,7.2299654854345,9.37817771713104,9.64412555823888,8.48260581892769,1,1996-07-17
262,7,A,s3gyf@cunb.edu,1,1,8.64777540171798,9.25014424965065,10.0,9.63591512718324,10.0,10.0,1,1996-02-26
262,7,A,bszcv@cunb.edu,1,1,5.64223835493138,7.3488744396407,6.32209689325353,5.29394037889878,7.00057646360809,5.97379891722093,1,1996-02-03
262,7,A,x3q6j@cunb.edu,1,1,7.00886297896636,8.41248113028837,7.07710224688185,7.62030540341587,9.02392355473787,7.68854467133135,1,1996-07-22
262,7,A,xdlle@cunb.edu,1,1,5.92150603256826,6.57402938579847,6.94201022175778,7.11987220409548,7.77239555732569,8.140376393285,1,1995-11-11
262,7,A,tpar6@cunb.edu,1,1,6.8419677735949,6.56247023536731,5.16032749690954,7.20997580421928,6.93047826599169,5.52833552753392,1,1996-07-02
262,7,A,wlrna@cunb.edu,1,2,3.91394727667415,4.77504221293697,3.51050764591986,7.19563310236651,8.05672803862933,6.79219347161222,1,1995-11-08
262,7,A,4ezxf@cunb.edu,1,1,6.82679136961381,6.19260860073994,5.01049323731716,7.47506032309684,6.84087755422297,5.65876219080019,1,1996-08-06
262,7,A,yco9s@cunb.edu,1,1,7.26780817348762,8.27727055613203,7.31924490927039,5.8831617765202,6.89262415916461,5.93459851230297,1,1996-02-18
262,7,A,xqepq@cunb.edu,1,1,8.46465108402172,9.05372673411021,8.69754628090287,8.5208338452172,9.10990949530569,8.75372904209834,1,1995-11-21
262,7,A,ykh2s@cunb.edu,1,1,5.83097251668249,5.23664842942406,5.58318946627577,5.7257769278241,5.13145284056567,5.47799387741737,1,1996-08-12
262,7,A,iepqx@cunb.edu,1,1,2.34918757376284,2.73179277579323,1.79676546377153,1.37364838963166,1.75625359166205,0.821226279640348,1,1996-07-31
262,7,B,glled@cunb.edu,2,1,5.76273922207877,6.58402668782621,5.29876431129053,4.92975460020893,5.75104206595638,4.46577968942069,0,1996-02-27
262,7,B,aewho@cunb.edu,1,2,8.90538841855664,7.73986418309574,8.70926918971304,7.92462966832129,6.75910543286038,7.72851043947769,0,1995-12-13
262,7,B,q7mgc@cunb.edu,1,1,8.08438553462364,9.08979891693778,9.48338871203922,7.95775404168248,8.96316742399662,9.35675721909806,0,1995-09-28
262,7,B,tnuah@cunb.edu,1,1,8.02463009035292,8.8013460306831,7.80398876745331,9.01032161866247,9.78703755899265,8.78968029576286,0,1995-09-03
262,7,B,kpoo9@cunb.edu,1,1,6.12043999953394,5.9280639535581,7.35324624952127,3.81163317408146,3.61925712810562,5.04443942406879,0,1995-09-14
262,7,B,lwa68@cunb.edu,1,1,3.65326364622945,3.43220058787176,3.02044117968092,1.74245812475811,1.52139506640042,1.10963565820958,0,1995-12-14
262,7,B,wown6@cunb.edu,1,1,6.06457324030231,6.42372754479181,6.43757700205203,6.16326466867445,6.52241897316394,6.53626843042416,0,1996-03-10
262,7,B,qct4l@cunb.edu,1,2,5.81058028055579,6.96615985449628,7.56296254037172,4.93296833659457,6.08854791053506,6.68535059641051,0,1995-10-23
262,7,B,6dzn6@cunb.edu,2,2,4.97220948061508,4.57804392699686,4.96057509726447,3.80536103236639,3.41119547874816,3.79372664901578,0,1996-02-08
262,7,B,6iogg@cunb.edu,1,1,6.79087262677565,7.47001763230726,6.97764427897125,8.08205769183481,8.76120269736642,8.26882934403042,0,1996-08-10
262,7,B,nugow@cunb.edu,2,1,7.75252151151222,8.96068975736421,9.41195674368215,7.5215559961183,8.7297242419703,9.18099122828823,0,1995-12-23
262,7,C,r93ys@cunb.edu,2,1,8.7446604690532,7.6018142628501,8.70641661090952,9.58198596423269,8.43913975802959,9.543742106089,1,1996-06-17
262,7,C,4le8b@cunb.edu,1,1,7.80820848055026,6.67442301062709,6.91307163571781,9.09649488010567,7.9627094101825,8.20135803527322,1,1996-01-15
262,7,C,aoedh@cunb.edu,1,1,6.97786569642162,7.24758096365517,7.30009188084191,8.89892559184414,9.16864085907769,9.22115177626443,1,1996-07-19
262,7,C,vvpoh@cunb.edu,1,1,4.58639510556181,4.73922078612317,5.36848979557921,4.99283158149965,5.14565726206102,5.77492627151705,1,1996-08-23
262,7,C,hnucx@cunb.edu,2,1,4.66803634760914,5.53619223589091,5.81343051593764,6.14444034833557,7.01259623661734,7.28983451666407,1,1996-08-23
262,7,C,r0nlu@cunb.edu,2,1,6.0587918855415,5.38174140818206,6.08111170345706,6.74811319659529,6.07106271923585,6.77043301451085,1,1996-04-08
262,7,C,bwn3a@cunb.edu,1,1,5.78864979386757,5.92431865089069,5.69956955235879,6.00890724411228,6.1445761011354,5.9198270026035,1,1996-06-13
262,7,C,in81k@cunb.edu,1,1,6.337251996444,5.50046780175476,6.58264639490231,6.75679811330529,5.92001391861605,7.0021925117636,1,1995-11-12
262,7,C,7laia@cunb.edu,1,1,7.08086253902277,7.75980821498071,7.05790298072954,9.02216028842634,9.70110596438429,8.99920073013312,1,1995-12-09
262,7,C,opmur@cunb.edu,2,1,5.03090329173977,4.80393460191811,5.93811849722663,5.15901019058159,4.93204150075993,6.06622539606846,1,1995-11-24
262,7,C,sqwzx@cunb.edu,1,1,6.16522309299075,7.79020780113974,7.38756679718831,7.31670627597386,8.94169098412285,8.53904998017142,1,1995-09-16
262,7,C,nq45z@cunb.edu,1,1,8.8230361851692,8.72436164615822,8.35668815223647,10.0,10.0,9.86491415858309,1,1996-08-15
262,7,D,homzd@cunb.edu,1,2,7.1219786814829,6.2135304030446,7.03947676992469,8.48794438960875,7.57949611117045,8.40544247805054,1,1996-07-22
262,7,D,mej4i@cunb.edu,2,1,7.07906557140156,7.25263031465217,6.65149470777467,8.56934721700063,8.74291196025123,8.14177635337373,1,1996-08-14
262,7,D,bahsd@cunb.edu,2,2,4.47137430035501,4.86721194912671,3.67265379852607,7.11704457301307,7.51288222178477,6.31832407118413,1,1995-10-05
262,7,D,iilua@cunb.edu,1,1,6.39274391257127,6.39120762706657,5.69537850101401,6.81389440721516,6.81235812171046,6.1165289956579,1,1996-07-07
262,7,D,mkdsp@cunb.edu,1,1,4.42483350319319,4.15713743689933,4.66017966495358,5.16715641739096,4.8994603510971,5.40250257915135,1,1996-08-17
262,7,D,aeymr@cunb.edu,2,1,8.52620456129451,7.82786925131594,8.0653703947938,9.52559671426963,8.82726140429105,9.06476254776891,1,1995-10-27
262,7,D,3wj1i@cunb.edu,1,1,8.06412308284916,8.34678372315966,9.23886828351669,7.92468133940507,8.20734197971557,9.0994265400726,1,1996-06-16
262,7,D,bavks@cunb.edu,1,1,7.85576936112452,7.42959745203811,6.37319017223749,7.48024031672654,7.05406840764013,5.99766112783951,1,1996-06-28
262,8,A,ezfhd@cunb.edu,1,1,6.39778298384546,6.66753292375281,6.62850106985345,6.96990816624598,7.23965810615332,7.20062625225396,1,1995-02-27
262,8,A,botbs@cunb.edu,1,1,5.86273939575681,6.06382979912364,5.9653416196225,7.55888448716726,7.7599748905341,7.66148671103295,1,1995-03-01
262,8,A,rchpx@cunb.edu,2,1,3.55998469826686,4.67460589141506,4.45347496758136,4.71025527694233,5.82487647009053,5.60374554625683,1,1995-08-12
262,8,A,zplgl@cunb.edu,1,1,8.3230134833788,9.21847583569563,8.33140059310919,6.89792687877315,7.79338923108998,6.90631398850355,1,1995-01-23
262,8,A,x22w4@cunb.edu,1,1,8.06101031171453,7.69790617505383,8.15620864637491,8.20977452698719,7.84667039032649,8.30497286164757,1,1995-04-06
262,8,A,89qhi@cunb.edu,1,1,6.86199421881832,7.23019018284179,6.72638823398523,7.18301888175275,7.55121484577622,7.04741289691966,1,1995-03-15
262,8,A,eig5l@cunb.edu,1,1,4.72751803513895,5.55517308837082,5.95996351683791,6.3598189238954,7.18747397712727,7.59226440559436,1,1995-02-02
262,8,A,esgcw@cunb.edu,1,2,6.36933404731049,5.67655689420595,7.13238039344965,7.28485497857003,6.59207782546549,8.04790132470919,1,1995-04-27
262,8,A,pqsnx@cunb.edu,1,1,7.43612252052879,7.49887770012027,8.93360941454774,7.92836728369291,7.99112246328439,9.42585417771186,1,1994-10-31
262,8,A,9cdub@cunb.edu,1,2,4.33300441126766,3.88167321770879,2.64704727004709,4.74172184541902,4.29039065186014,3.05576470419845,1,1995-04-27
262,8,A,ahshx@cunb.edu,1,1,7.70791176412746,7.45445412662372,7.63796959244207,9.22027536063561,8.96681772313187,9.15033318895022,1,1995-03-23
262,8,A,bhkr9@cunb.edu,1,1,7.43361110283928,8.13260349302488,7.9686683593032,7.37412113296087,8.07311352314647,7.90917838942479,1,1995-04-19
262,8,A,yyhzg@cunb.edu,1,1,7.93028148615984,7.40336960766716,6.98386717800302,8.95099279289426,8.42408091440158,8.00457848473744,1,1995.05.06
262,8,A,bxzak@cunb.edu,1,1,3.70210543301906,3.49523661033269,4.75078804678302,4.71221677487578,4.50534795218941,5.76089938863974,1,1995-05-23
262,8,A,bqigi@cunb.edu,2,1,7.49783683590318,6.11018490720267,7.14871101429413,8.20093481212604,6.81328288342553,7.85180899051699,1,1995-03-10
262,8,B,q6c3l@cunb.edu,1,1,7.43478119443003,7.25977778271604,6.63432675902564,9.37036618375978,9.19536277204579,8.56991174835539,0,1995-06-20
262,8,B,a3o6h@cunb.edu,1,1,7.23373224440936,7.69925214530874,7.67797933327008,8.07453266088146,8.54005256178084,8.51877974974218,0,1995-05-16
262,8,B,owsnr@cunb.edu,2,1,5.08129750158114,3.45109717467276,4.06861096726206,6.21417409451812,4.58397376760974,5.20148756019905,0,1994-12-28
262,8,B,jehpb@cunb.edu,2,1,7.44559683279068,7.32592781913401,7.05284964340673,8.83516442013725,8.71549540648057,8.44241723075329,0,1995-01-12
262,8,B,r7eci@cunb.edu,1,1,9.36694485570963,8.82383670627798,9.27406821090455,7.89810874989377,7.35500060046212,7.80523210508869,0,1995-08-26
262,8,B,ahimw@cunb.edu,1,1,6.76320032684828,6.66340503052572,8.27963436071525,6.05927890589464,5.95948360957209,7.57571293976162,0,1995-05-25
262,8,B,fv8zx@cunb.edu,2,1,6.65155371382488,7.03447330195112,7.37407591810105,5.7849816110898,6.16790119921604,6.50750381536597,0,1995-08-06
262,8,B,jcmo8@cunb.edu,2,1,5.96316005758366,5.49316703531315,5.46725078163093,4.20733244728141,3.73733942501091,3.71142317132868,0,1995-02-08
262,8,B,pzah2@cunb.edu,2,1,6.06526493236903,4.96314419994611,5.27450010881308,6.83158154575219,5.72946081332927,6.04081672219624,0,1995-07-13
262,8,B,2rwfr@cunb.edu,1,1,8.18847029834481,8.74667345584797,8.26564883619042,7.45753231261179,8.01573547011495,7.5347108504574,0,1994-12-09
262,8,B,4ddfi@cunb.edu,2,1,7.06665008457139,7.18391204613954,7.29895560292289,7.13238620743082,7.24964816899897,7.36469172578232,0,1995-01-05
262,8,B,n2yda@cunb.edu,1,2,7.39008410776684,6.67612223642597,6.26845447382609,6.26581485272662,5.55185298138575,5.14418521878586,0,1995-01-13
262,8,B,ctx37@cunb.edu,1,1,6.93509573965686,6.85100129536706,6.17177662683072,7.41409071168797,7.32999626739816,6.65077159886183,0,1995-07-29
262,8,B,perf6@cunb.edu,1,2,5.6749062933547,5.89994892520435,6.09340305016913,4.67319811242675,4.8982407442764,5.09169486924117,0,1995-02-19
262,8,B,vdlx2@cunb.edu,1,1,7.44670028006536,7.74240663461266,7.57582154543949,7.26682592221996,7.56253227676726,7.39594718759409,0,1995-01-03
262,8,B,l3yie@cunb.edu,1,1,6.48728291434394,6.88891582400696,7.43833416211577,6.59488275079001,,7.54593399856184,0,1995-02-13
262,8,B,h49yf@cunb.edu,1,1,9.02561183211935,8.94752834768576,9.64641464905423,10.0,10.0,10.0,0,1994-11-11
262,8,B,dnj8z@cunb.edu,1,1,7.00773395751367,6.27993358452569,5.64333107103358,7.25998889575325,6.53218852276526,5.89558600927315,0,1994-11-24
262,8,B,tgihw@cunb.edu,2,1,8.76382768673118,7.99293164310272,7.93176120060723,8.56695175598975,7.7960557123613,7.7348852698658,0,1994-12-06
262,8,B,9tvlo@cunb.edu,2,1,7.93658449298309,7.95076493530141,8.34092551220747,7.73456756921655,7.74874801153487,8.13890858844092,0,1994-09-23
262,8,C,ul3tm@cunb.edu,1,1,8.27805822015154,8.17138848172846,9.3612141273764,9.55094921282507,9.44427947440199,10.0,0,1995-02-24
262,8,C,xuopo@cunb.edu,1,1,5.24696692023989,6.44067828534733,6.59375104904737,4.79212446334468,5.98583582845213,6.13890859215216,0,1994-09-28
262,8,C,mtuow@cunb.edu,1,1,4.21740688223839,3.5701319675751,4.93052460698858,4.8421946598846,4.19491974522131,5.55531238463479,0,1995-02-11
262,8,C,he427@cunb.edu,1,1,7.11492489078185,7.97591918832725,8.53145891833222,8.90911272003427,9.77010701757967,10.0,0,1995-04-07
262,8,C,v2wfs@cunb.edu,1,1,5.63049824692663,6.9255351174472,7.00797464156878,3.76732227291274,5.0623591434333,5.14479866755488,0,1995-03-16
262,8,C,vlg9n@cunb.edu,1,2,6.51262450314497,7.26270247766187,7.64695268406903,8.05299462417817,8.80307259869507,9.18732280510223,0,1995-07-31
262,8,C,ek8jz@cunb.edu,1,1,8.44885552274443,7.52485485859595,7.6515221257732,8.35244873751713,7.42844807336865,7.5551153405459,0,1995-05-16
262,8,C,4s89f@cunb.edu,1,1,8.89793033153905,9.30275776378034,8.94950300037084,8.65789874716281,9.0627261794041,8.70947141599461,0,1995-01-04
262,8,C,inrty@cunb.edu,1,1,8.50413244960666,8.73731819677934,7.577565193156,10.0,10.0,9.57695704277592,0,1995-06-03
262,8,D,clhol@cunb.edu,1,2,8.57404609101316,9.0352313637962,10.0,9.65154976403542,10.0,10.0,0,1995-07-25
262,8,D,l23kk@cunb.edu,1,1,3.19070848232397,3.25218410711997,3.01869944125676,4.60059609921966,4.66207172401567,4.42858705815245,0,1994-12-08
262,8,D,vbody@cunb.edu,1,1,9.70513862427244,9.23196344226519,8.35459057483742,8.20949363377182,7.73631845176457,6.8589455843368,0,1995-01-25
262,8,D,ceovw@cunb.edu,1,1,7.127128492161,7.2108307569803,7.19934854521912,6.69612531153635,6.77982757635564,6.76834536459447,0,1994-10-31
262,8,D,mu3rv@cunb.edu,1,1,6.68540985168498,5.97484249280374,7.37390851633232,6.93898537017441,6.22841801129317,7.62748403482175,0,1995-02-28
262,8,D,zsuo3@cunb.edu,1,2,5.64015499374978,6.92020891293101,6.05942860677056,3.96243911499393,5.24249303417516,4.38171272801471,0,1994-12-24
262,8,D,7n7rz@cunb.edu,1,1,8.93279098944356,8.5127355790845,8.64031003873413,8.59505288702644,8.17499747666738,8.302571936317,0,1994-11-15
262,8,D,zsw5m@cunb.edu,1,1,6.58223612523726,8.03724146179012,7.26503543379805,7.05303505920166,8.50804039575451,7.73583436776244,0,1995-07-05
262,8,D,xva2k@cunb.edu,2,2,5.09876934068869,6.40747228826057,4.74654906105842,6.5948720730958,7.90357502066767,6.24265179346553,0,1995-08-05
262,8,D,nyi3p@cunb.edu,1,1,7.18504699028693,7.18135321780704,5.95476404938512,7.98898794514324,7.98529417266335,6.75870500424142,0,1995-01-29
262,8,D,izhsl@cunb.edu,2,1,5.39393680502098,6.39686715655398,5.70751955133301,2.76698917169682,3.76991952322981,3.08057191800884,0,1995-01-27
262,8,D,5hipd@cunb.edu,2,1,6.88960733680829,7.47404715648696,7.40781225028291,6.2669394901256,6.85137930980427,6.78514440360022,0,1995-08-16
262,8,D,d0hus@cunb.edu,1,2,5.31293606225642,4.43940310485902,6.02028563365581,5.68632678661559,4.81279382921819,6.39367635801498,0,1994-12-15
262,8,D,rwzca@cunb.edu,1,1,5.57583497067435,4.69274075770273,5.41802557253732,5.74248910728137,4.85939489430974,5.58467970914433,0,1994-12-25
262,8,D,ueamd@cunb.edu,1,2,2.59092455999392,3.79975514476585,3.02077926452669,2.95511976286144,4.16395034763337,3.38497446739421,0,1995-04-17
262,6,D,icmoa@cunb.edu,2,1,6.35254563641537,6.40856232232217,7.95557402371232,7.45512895888477,7.51114564479156,9.05815734618171,0,1997-05-15
262,8,B,q6c3l@cunb.edu,1,1,7.43478119443003,7.25977778271604,6.63432675902564,9.37036618375978,9.19536277204579,8.56991174835539,0,1995-06-20
262,7,B,kpoo9@cunb.edu,1,1,6.12043999953394,5.9280639535581,7.35324624952127,3.81163317408146,3.61925712810562,5.04443942406879,0,1995-09-14
426,6,A,ocvyv@cunb.edu,1,2,5.04997715957253,6.37974744614004,6.10450475893705,7.25840336981855,8.58817365638606,8.31293096918307,1,1996-10-29
426,6,A,acwah@cunb.edu,2,2,5.2478574399926,5.16344716419431,5.07097269427927,6.61872947218519,6.5343191963869,6.44184472647186,1,1997-02-23
426,6,A,s3ivs@cunb.edu,1,1,9.19316982286213,7.49476657942099,7.74031268892971,8.68224478534609,6.98384154190495,7.22938765141368,1,1997-04-15
426,6,A,ylp9u@cunb.edu,1,1,9.08338224838145,8.705657238575,8.65683937768109,8.95055056362846,8.572825553822,8.5240076929281,1,1996-10-06
426,6,A,jpweo@cunb.edu,1,1,6.83523187557051,5.73848205342704,7.05566137986073,10.0,9.05085688316782,10.0,1,1997-03-30
426,6,A,gnx0w@cunb.edu,1,1,3.19643623298824,2.65182055822432,3.74858627431884,3.00532587849772,2.46071020373381,3.55747591982833,1,1996-12-09
426,6,A,dukzc@cunb.edu,1,1,8.51168685523733,7.99911399023547,7.60095535708531,6.87100443755061,6.35843157254875,5.96027293939859,1,1996-12-01
426,6,A,hd6it@cunb.edu,1,1,6.08005098843675,6.36284366234865,5.0410519101071,7.25181511022874,7.53460778414064,6.21281603189908,1,1996-11-11
426,6,A,2rloo@cunb.edu,2,1,4.28010857918604,4.07323233525573,4.64835025391846,3.02676485143944,2.81988860750913,3.39500652617186,1,1996-10-24
426,6,A,kvomw@cunb.edu,2,1,7.04713894174332,7.24028807579437,6.36319084445843,5.14254750797904,5.33569664203009,4.45859941069415,1,1997-08-20
426,6,B,ppmsj@cunb.edu,1,1,7.33394867835657,6.58541619081141,8.33527554061355,7.15372752980275,6.40519504225759,8.15505439205972,1,1997-01-09
426,6,B,yoca8@cunb.edu,2,1,8.0065362794706,7.21310928430495,8.14387280926195,8.64998053200507,7.85655353683943,8.78731706179643,1,1996-11-12
426,6,B,0kbha@cunb.edu,2,1,8.38392161948512,7.55981669526452,7.08741477828378,9.13247716355611,8.30837223933552,7.83597032235477,1,1997-07-10
426,6,B,zxfhk@cunb.edu,1,1,7.81956228611127,8.76963549383984,7.16585404143737,8.4502522453238,9.40032545305236,7.79654400064989,1,1997-03-07
426,6,B,id5aa@cunb.edu,1,1,8.22079165230132,8.3671848792266,9.52936081352271,7.98576108110646,8.13215430803174,9.29433024232784,1,1996-09-25
426,6,B,ciu3n@cunb.edu,1,1,6.09911864203476,5.33908445620053,6.33101383735501,6.09570015451074,5.33566596867651,6.32759534983099,1,1997-01-11
426,6,B,srrr5@cunb.edu,1,1,8.36429044875137,8.22049888633943,8.29261655724428,9.10711394991994,8.963322387508,9.03544005841285,1,1997-05-04
426,6,B,spp2x@cunb.edu,1,1,7.23375145810311,7.07980567727824,8.43457886202847,8.70434892579372,8.55040314496885,9.90517632971908,1,1997-05-26
426,6,B,1ysyr@cunb.edu,1,1,8.15897699046759,8.51157266573859,8.41461669860287,10.0,10.0,10.0,1,1997-05-03
426,6,B,qjuev@cunb.edu,1,1,6.93680434254543,6.94649707153053,8.09547633817033,6.64697416328187,6.65666689226697,7.80564615890677,1,1997-06-13
426,6,B,jfdao@cunb.edu,1,1,7.0467120079507,6.47629575768457,6.75586537515716,7.05072405646443,6.48030780619829,6.75987742367088,1,1997-07-26
426,6,B,5okwl@cunb.edu,2,1,6.92913205690085,7.16320007109418,8.26906443202271,5.48047864859022,5.71454666278355,6.82041102371208,1,1997-05-01
426,6,C,mieud@cunb.edu,1,1,6.26518567272321,5.69163756904051,5.29542837285296,6.17617326072446,5.60262515704176,5.20641596085421,0,1997-05-03
426,6,C,ybhkd@cunb.edu,1,1,7.13674041681405,6.54122366575938,7.70549648493942,7.01018478985606,6.41466803880139,7.57894085798143,0,1997-02-22
426,6,C,ijbwi@cunb.edu,1,1,5.23047589350248,6.83741325026134,6.8287466711154,4.88858865531329,6.49552601207215,6.48685943292621,0,1997-08-08
426,6,C,umdbf@cunb.edu,1,1,7.72383172369845,6.74822657906734,7.24377932704337,6.4077862167375,5.43218107210638,5.92773382008241,0,1997-07-12
426,6,C,8ykxj@cunb.edu,1,2,2.71993409928219,2.71942988124029,3.12565939912857,2.31964127884115,2.31913706079926,2.72536657868753,0,1997-02-18
426,6,C,r6ghj@cunb.edu,1,1,9.567882542106,8.42898971268781,8.54162037659311,8.94971303534929,7.81082020593111,7.9234508698364,0,1996-11-25
426,6,C,wpdna@cunb.edu,1,1,7.05684774584914,6.5040149505421,8.17191182618806,5.6843341174208,5.13150132211376,6.79939819775973,0,1996-10-23
426,6,C,j8isu@cunb.edu,1,1,8.72003595203841,8.55446968319574,9.61202810237864,8.122220510526,7.95665424168333,9.01421266086622,0,1997-01-10
426,6,D,fwjq9@cunb.edu,1,1,8.75868033580907,9.04900003327482,8.63043550458231,7.93346520753078,8.22378490499653,7.80522037630401,1,1996-11-25
426,6,D,pvxdk@cunb.edu,1,1,3.48825003391239,3.88884063296127,3.92423527918863,3.61832414804938,4.01891474709826,4.05430939332562,1,1997-03-19
426,6,D,it10m@cunb.edu,2,1,4.43319687299193,5.87168971454487,5.53370356332273,4.53504302478923,5.97353586634218,5.63554971512004,1,1997-07-20
426,6,D,jyflj@cunb.edu,1,1,5.48327852954868,5.87535746704567,5.50180311623741,6.42055215237338,6.81263108987037,6.4390767390621,1,1997-01-13
426,6,D,rs2sy@cunb.edu,2,1,8.97627613338045,8.31139871634877,8.07699260505251,8.8208876507929,8.15601023376122,7.92160412246496,1,1996-11-28
426,6,D,pwl1n@cunb.edu,2,2,6.00756129994706,5.13629284361095,5.05060495435909,5.38999331116445,4.51872485482834,4.43303696557649,1,1997-03-04
426,6,D,ausas@cunb.edu,1,1,5.13779591760267,5.31236660006125,6.17691776706506,6.62387033439094,6.79844101684952,7.66299218385333,1,1997-01-02
426,6,D,l1alz@cunb.edu,1,2,2.74292630721764,4.06139679552005,4.38286313946308,3.82088020705766,5.13935069536007,5.4608170393031,1,1997-08-14
426,6,D,b7hga@cunb.edu,1,1,6.08368626185224,6.51178558398501,5.94294808054806,6.31953298017661,6.74763230230937,6.17879479887242,1,1997-07-25
426,6,D,wukts@cunb.edu,1,1,4.21879937637446,5.50468458372948,5.65075265940128,0.668001126213826,1.95388633356885,2.09995440924064,1,1997-05-20
426,6,D,rs8m9@cunb.edu,1,2,3.91838977516454,3.26759488864627,3.41700706521806,4.40774221129574,3.75694732477747,3.90635950134926,1,1996-09-02
426,6,D,krtqu@cunb.edu,1,1,8.48168535809713,7.29091190360236,8.03312895446765,7.90402031273769,6.71324685824291,7.45546390910821,1,1997-02-18
426,6,D,i0hnn@cunb.edu,1,1,6.79061650746662,7.84742982528332,7.42357147094954,6.53265271313594,7.58946603095264,7.16560767661885,1,1997-06-20
426,6,D,fc3yb@cunb.edu,2,1,9.03651316379623,8.85179946626963,9.67227436704056,10.0,10.0,10.0,1,1997-08-05
426,6,D,ggwno@cunb.edu,2,1,8.83060250869726,8.97514453782474,7.66185362656375,7.80288741012377,7.94742943925125,6.63413852799025,1,1996-12-04
426,7,A,q6xmb@cunb.edu,1,1,4.48445006718852,4.41586258754127,5.31115532459684,5.38489600282295,5.3163085231757,6.21160126023127,0,1996-05-07
426,7,A,rgofh@cunb.edu,2,1,5.03564878691505,5.47701326150964,5.14492224667738,5.42189637475975,5.86326084935435,5.53116983452209,0,1996-01-01
426,7,A,wiiws@cunb.edu,1,1,9.46513453684124,8.4118010178146,8.5618244046283,9.92831843867588,8.87498491964925,9.02500830646295,0,1996-01-05
426,7,A,oxdui@cunb.edu,1,2,7.70436243424153,7.40629589687994,6.68728329604452,6.16755661122441,5.86949007386282,5.15047747302741,0,1996-06-17
426,7,A,6kovz@cunb.edu,1,2,5.13596539643751,6.87405053830864,5.52165807762342,8.10173111304154,9.83981625491267,8.48742379422744,0,1996-01-11
426,7,A,8nq7i@cunb.edu,1,1,6.61278369225962,7.67079363292483,7.46801785327894,6.39334681623697,7.45135675690219,7.2485809772563,0,1996-04-02
426,7,A,9zhxn@cunb.edu,2,1,7.30457005275714,7.01524332164156,6.90025344116914,8.08888257121412,7.79955584009855,7.68456595962612,0,1996-02-19
426,7,A,1gfqn@cunb.edu,1,1,8.93047462972823,9.39924870488244,9.62263001511815,9.63040829304316,10.0,10.0,0,1996-02-22
426,7,A,fprou@cunb.edu,2,1,5.19170924292522,5.50274639080855,5.64810697704198,4.89158500004528,5.2026221479286,5.34798273416204,0,1996-01-13
426,7,A,uftcb@cunb.edu,1,1,5.44780658709069,5.50090762378832,4.39642817072754,7.40518217395052,7.45828321064815,6.35380375758737,0,1996-08-22
426,7,A,yq8ok@cunb.edu,1,1,8.53282563678501,9.84194484922616,9.53049657877115,10.0,10.0,10.0,0,1996-01-14
426,7,A,ua1hk@cunb.edu,1,2,8.14976756089784,7.34722548258908,7.69865506888785,8.91059413999848,8.10805206168972,8.45948164798848,0,1996-04-02
426,7,A,txwnt@cunb.edu,1,1,6.70719088483327,7.97984583871164,7.39700110964202,8.1541587468624,9.42681370074078,8.84396897167116,0,1996-01-23
426,7,A,f6btr@cunb.edu,1,2,1.56579897159123,1.08489940899768,1.63007915883668,1.32998107995624,0.849081517362688,1.3942612672017,0,1996-05-15
426,7,B,pef4m@cunb.edu,1,1,5.96698562196249,6.56163529819602,5.68636852969209,7.73132901269937,8.3259786889329,7.45071192042897,0,1996-07-17
426,7,B,jsdm1@cunb.edu,1,2,3.41241444300439,3.61106698613192,4.42387918408539,3.08720982653154,3.28586236965908,4.09867456761254,0,1996-05-03
426,7,B,oexma@cunb.edu,1,1,6.76864806232887,7.08757152777078,6.81477524569171,7.70422142420873,8.02314488965064,7.75034860757157,0,1996-06-08
426,7,B,bgojz@cunb.edu,1,1,7.6981275438967,8.62305638647478,8.41377050463882,8.18617072351241,9.11109956609049,8.90181368425453,0,1996-02-29
426,7,B,vl1mr@cunb.edu,1,2,8.33544256411894,6.85103557924209,7.43034677360608,8.43064617322536,6.94623918834852,7.5255503827125,0,1996-04-11
426,7,B,foset@cunb.edu,1,1,8.2080147706574,7.46552397009415,7.02079267964197,8.29290267256621,7.55041187200296,7.10568058155078,0,1996-08-16
426,7,B,mvlt3@cunb.edu,1,1,9.0106256859278,8.83447226126619,9.8008011075569,8.08422659316679,7.90807316850518,8.87440201479589,0,1996-06-06
426,7,B,rnnrd@cunb.edu,1,1,7.77975545402921,8.20866481352902,8.35614862477712,9.32005419518827,9.74896355468808,9.89644736593617,0,1996-03-15
426,7,B,rfwkc@cunb.edu,2,1,5.60790780137905,6.05551879571432,5.18285706311145,5.24869657050294,5.69630756483821,4.82364583223534,0,1996-01-12
426,7,B,6z6in@cunb.edu,1,1,7.87664462824279,7.41562523844579,8.26120682771245,8.29223713955463,7.83121774975763,8.67679933902429,0,1995-12-15
426,7,B,rbmr0@cunb.edu,1,2,7.2998549360905,6.55214808184022,6.01881108853334,8.85456118836532,8.10685433411504,7.57351734080816,0,1996-02-12
426,7,B,n6vus@cunb.edu,1,2,2.92462145919138,2.9943192457796,4.61391043113702,3.51775441385314,3.58745220044136,5.20704338579878,0,1996-01-02
426,7,C,gxssl@cunb.edu,1,1,8.92620242357863,8.58335546468063,9.37521315709366,10.0,9.66880173685912,10.0,0,1996-08-18
426,7,C,jwfiu@cunb.edu,1,2,9.3408367850429,9.85238643433736,9.76832763781609,8.20471688565583,8.71626653495029,8.63220773842902,0,1995-11-08
426,7,C,mseow@cunb.edu,1,1,8.23185614811286,9.28076711192757,7.71272502735287,10.0,10.0,9.66915079421651,0,1996-03-30
426,7,C,0w4e7@cunb.edu,1,1,5.89137347118292,5.07755714078728,6.69765499263365,5.1220866927992,4.30827036240356,5.92836821424992,0,1996-01-31
426,7,C,it3nn@cunb.edu,1,1,7.0471738426205,6.59719750966917,5.72456386435817,8.75926811886752,8.30929178591618,7.43665814060518,0,1996-05-26
426,7,C,yshpl@cunb.edu,1,1,5.63442665512637,6.20569134398327,5.84716039138809,7.910454663374,8.4817193522309,8.12318839963573,0,1996-01-12
426,7,C,7amfd@cunb.edu,1,1,5.72130126171785,4.94196475382003,5.86338152821216,5.81497271190595,5.03563620400813,5.95705297840026,0,1996-02-10
426,7,C,g1yh5@cunb.edu,1,1,7.55565995024638,6.81334627978624,7.44829127751412,9.11250213135352,8.37018846089338,9.00513345862125,0,1996-03-07
426,7,C,ae8uf@cunb.edu,1,2,6.26076028619997,5.86013422145613,6.23765514309622,4.95592926658046,4.55530320183661,4.93282412347671,0,1995-11-07
426,7,C,qyos7@cunb.edu,2,1,8.6234188782618,9.55479020388877,8.77503040708681,9.54912468221932,10.0,9.70073621104433,0,1996-02-26
426,7,C,cxugb@cunb.edu,1,1,5.25970855229794,6.88263310320004,5.91415103632285,6.24155340999518,7.86447796089728,6.89599589402009,0,1996-02-09
426,7,C,tpekc@cunb.edu,1,1,6.90113584329614,5.85351994452307,6.06089665233398,7.11933340860536,6.07171750983229,6.2790942176432,0,1996-03-29
426,7,C,r7u68@cunb.edu,1,1,2.85599859565259,4.51820440072329,4.44576515204967,3.59303930479234,5.25524510986304,5.18280586118942,0,1996-02-07
426,7,D,ncwxa@cunb.edu,1,1,3.28471559989145,3.05222705616495,4.64209455069965,3.06613638100108,2.83364783727458,4.42351533180928,1,1996-06-11
426,7,D,ghqp2@cunb.edu,1,1,5.87714110276437,4.40321642820498,5.32328591550475,6.91695485610254,5.44303018154316,6.36309966884293,1,1996-05-17
426,7,D,nan5o@cunb.edu,1,1,6.70323880944254,6.64777566209288,7.89211658244805,4.88179145291664,4.82632830556698,6.07066922592215,1,1995-12-17
426,7,D,pqkzq@cunb.edu,1,2,4.61957361905316,3.07537842711845,3.55190812267774,6.54043972763996,4.99624453570525,5.47277423126454,1,1995-10-11
426,7,D,cvwit@cunb.edu,1,1,3.95105528178047,3.16806400053556,4.50327194154616,5.0350954112988,4.2521041300539,5.58731207106449,1,1996-07-04
426,7,D,d9c0m@cunb.edu,2,1,4.34766708517247,3.40650109963291,2.58200996758216,3.71738298555136,2.77621700001181,1.95172586796105,1,1996-04-10
426,7,D,mwm7f@cunb.edu,1,1,8.17001530196529,9.18419787328702,9.2726457700507,9.48476351943095,10.0,10.0,1,1996-05-07
426,7,D,urmf2@cunb.edu,1,1,5.17111427513472,6.21460882518029,5.923283123314,5.13283229435067,6.17632684439625,5.88500114252995,1,1996-08-12
426,7,D,jyj0s@cunb.edu,1,2,2.31015543604524,2.75716905400411,2.25808422977359,3.83651193645373,4.2835255544126,3.78444073018208,1,1995-12-19
426,7,D,nlvwp@cunb.edu,1,1,7.12288631189149,7.41037441806402,6.63563624320086,8.97299010959086,9.26047821576339,8.48574004090023,1,1996-06-01
426,7,D,qdvo9@cunb.edu,1,2,7.51494213003727,7.43825929328861,7.76713218536289,8.85593017623959,8.77924733949093,9.10812023156522,1,1996-07-22
426,7,D,iqk1p@cunb.edu,2,1,5.2707271534695,4.87893549126821,6.51308909065339,7.17444366389613,6.78265200169484,8.41680560108001,1,1996-07-08
426,7,D,uwbwc@cunb.edu,1,1,4.5863718311862,4.24602395767355,5.43709931761035,6.70495366315046,6.3646057896378,7.55568114957461,1,1996-07-13
426,7,D,mgndq@cunb.edu,2,1,5.78436904401132,6.23439018522003,6.55047015986019,6.58607957288876,7.03610071409747,7.35218068873763,1,1996-07-20
426,7,D,r04wz@cunb.edu,1,1,7.43004348592302,7.83446409690594,6.02225397804221,8.03918198687738,8.4436025978603,6.63139247899657,1,1995-12-04
426,7,D,rueff@cunb.edu,1,2,5.05328808890483,5.94868443652815,5.62356703987172,7.94539787614368,8.840794223767,8.51567682711058,1,1996-02-15
426,7,D,uhkt5@cunb.edu,1,1,6.4379894739476,4.90901274993019,6.14991762409853,7.79656967463103,6.26759295061362,7.50849782478195,1,1995-10-29
426,7,D,sbeud@cunb.edu,1,2,5.36795376957528,4.61958290374972,4.29561288532935,9.47599180529462,8.72762093946906,8.40365092104869,1,1996-07-24
426,7,D,k7rou@cunb.edu,1,1,9.27348957898004,9.76165297383351,9.56142608437596,8.52450559220754,9.01266898706101,8.81244209760345,1,1996-05-19
426,8,A,gbm6a@cunb.edu,2,1,7.87692544240385,8.21997024774432,6.9899513260822,7.62329497306938,7.96633977840985,6.73632085674773,0,1995-07-21
426,8,A,bsabx@cunb.edu,1,1,7.22989919676943,8.1089055699998,7.08819373871697,6.57305410960169,7.45206048283206,6.43134865154923,0,1994-11-01
426,8,A,2dvrx@cunb.edu,1,1,6.4971422267464,5.6029903253858,6.48764611998024,6.49935000592545,5.60519810456485,6.48985389915929,0,1995-02-01
426,8,A,r00tb@cunb.edu,1,1,6.1008288030992,6.15937419184621,6.89841175167958,6.14954700658234,6.20809239532934,6.94712995516272,0,1994-09-21
426,8,A,yjjvl@cunb.edu,1,1,8.25182191503942,8.00928670296222,8.48794444313049,7.56753136382736,7.32499615175016,7.80365389191843,0,1995-08-14
426,8,A,abtv2@cunb.edu,1,1,8.3784315960203,8.62072213382467,8.21386659673422,8.36967345272098,8.61196399052534,8.20510845343489,0,1994-10-05
426,8,A,hrtpi@cunb.edu,1,1,9.3050772135276,8.49611115335856,8.76259206627865,8.31797683266706,7.50901077249802,7.77549168541811,0,1994-09-27
426,8,A,268lf@cunb.edu,1,1,8.60962602419117,8.54453570085847,9.12437367036277,10.0,10.0,10.0,0,1995-04-01
426,8,A,07cot@cunb.edu,1,1,5.50816271681064,5.08012835675576,4.56886928708949,5.73142152408261,5.30338716402773,4.79212809436146,0,1995-04-30
426,8,A,x4daw@cunb.edu,1,1,5.48581001968966,6.06691836720244,5.46586067290888,5.18023758195252,5.7613459294653,5.16028823517174,0,1995-07-19
426,8,A,tolph@cunb.edu,1,1,9.19428143785104,9.38698688749925,8.75351675641492,9.26092753789739,9.45363298754559,8.82016285646126,0,1995-06-14
426,8,A,mptoa@cunb.edu,1,1,6.25667349337237,6.93240845244946,5.30331405712859,5.53539554237288,6.21113050144997,4.58203610612911,0,1995-01-05
426,8,A,xb43a@cunb.edu,1,1,7.80874137513104,9.23681997859615,9.1608698608144,6.66270831391805,8.09078691738316,8.0148367996014,0,1994-12-21
426,8,A,kqzkr@cunb.edu,1,1,6.98383619905204,7.68510345498786,7.10431147402838,4.73904029139188,5.4403075473277,4.85951556636822,0,1994-11-20
426,8,A,btmnv@cunb.edu,1,2,6.4039145951535,6.91264261458101,5.85998976103993,7.5033088996158,8.0120369190433,6.95938406550223,0,1995-02-21
426,8,A,lo41m@cunb.edu,1,1,5.45762490068754,5.37546713610371,5.6925506182686,7.03234253562566,6.95018477104183,7.26726825320672,0,1995-01-17
426,8,A,hfw2e@cunb.edu,1,1,5.98114540098651,5.09792696401893,5.53688916374414,5.63675951488913,4.75354107792154,5.19250327764675,0,1994-11-23
426,8,A,up0ig@cunb.edu,1,1,7.3895942049979,6.54476089197609,6.38391958204496,7.00343202142041,6.1585987083986,5.99775739846747,0,1995-05-11
426,8,B,tf9z2@cunb.edu,1,2,4.34972516138999,3.76579208689702,4.49091673054693,4.69360460887061,4.10967153437765,4.83479617802755,0,1994-11-08
426,8,B,npzek@cunb.edu,1,1,9.31377605478984,9.3790159992851,9.26235823556554,8.69915476735779,8.76439471185305,8.64773694813349,0,1994-12-16
426,8,B,gxqog@cunb.edu,2,2,2.24082955572441,1.72330272424653,2.34562815114542,2.81425970720279,2.29673287572491,2.9190583026238,0,1995-08-10
426,8,B,rusdc@cunb.edu,1,1,5.76108335941672,7.12928877636432,6.87530317162737,5.14412206251479,6.5123274794624,6.25834187472544,0,1995-07-09
426,8,B,zhgbd@cunb.edu,2,1,6.51763922943672,5.65514586529633,7.11234304298585,6.94608262892927,6.08358926478888,7.5407864424784,0,1995-04-28
426,8,B,gfydz@cunb.edu,1,1,6.56942483077091,7.03996771194306,7.86195826337006,6.65700637885181,7.12754926002396,7.94953981145097,0,1995-03-28
426,8,B,2jowf@cunb.edu,1,1,7.6872001920361,6.89026419832371,7.2699230952654,6.61137476600507,5.81443877229267,6.19409766923437,0,1994-11-27
426,8,B,kk0rq@cunb.edu,1,1,7.08160270779969,7.17684614268707,7.20024821471067,6.70402419820383,6.7992676330912,6.82266970511481,0,1995-08-09
426,8,B,o07yc@cunb.edu,1,1,5.57852441512215,6.56612887440416,5.93525015164333,4.66360454677644,5.65120900605845,5.02033028329762,0,1995-02-21
426,8,B,bk6mq@cunb.edu,1,1,8.54321966101689,7.07683153418166,8.25295709274051,9.03192960599599,7.56554147916076,8.74166703771961,0,1994-10-14
426,8,C,6btpa@cunb.edu,1,2,6.8133942941786,7.00971222441878,6.66430992312964,9.66317523599997,9.85949316624015,9.51409086495101,1,1995-03-16
426,8,C,htzwh@cunb.edu,1,1,4.84722007852274,5.95914167160394,4.97541905794519,5.424986100712,6.5369076937932,5.55318508013445,1,1994-11-05
426,8,C,urmht@cunb.edu,1,1,5.57582283792707,5.48057055035296,4.92111349599126,7.64317179869515,7.54791951112104,6.98846245675933,1,1995-03-08
426,8,C,pfxhr@cunb.edu,2,1,9.20937609439076,7.57965493294702,7.83364002685355,10.0,9.29203016795545,9.54601526186198,1,1995-01-22
426,8,C,kdlts@cunb.edu,1,2,7.46865625764132,8.41413596263975,9.02031199532449,10.0,10.0,10.0,1,1994-11-19
426,8,C,lff3n@cunb.edu,1,1,6.14177346419361,6.03361751980897,7.04442865218785,6.69280765772457,6.58465171333993,7.59546284571881,1,1995-06-29
426,8,C,kchpv@cunb.edu,1,1,4.80261785875803,5.93345113158023,5.88718198857998,5.39461492738673,6.52544820020893,6.47917905720869,1,1995-07-01
426,8,C,0meae@cunb.edu,1,1,4.78685180400471,5.19859632174458,4.92053346033181,5.08280017740417,5.49454469514403,5.21648183373127,1,1994-10-20
426,8,C,fsppw@cunb.edu,1,1,7.11425640548937,7.3740347504931,7.91877304272153,8.15577853621458,8.4155568812183,8.96029517344673,1,1995-05-23
426,8,C,ey37t@cunb.edu,2,1,5.93884676476669,5.96079153861579,6.42011748082664,7.23899769295053,7.26094246679963,7.72026840901048,1,1995-02-03
426,8,C,9onh3@cunb.edu,1,1,5.51478657266993,5.20407443075377,5.13134856988612,4.98346337022737,4.67275122831122,4.60002536744357,1,1994-09-07
426,8,D,hb3cd@cunb.edu,1,1,9.7004883855294,9.20601360524926,9.58361104295511,10.0,9.54930887650553,9.92690631421137,1,1994-12-06
426,8,D,h9zsi@cunb.edu,1,1,9.55017958605826,8.16000502208411,9.21878457233473,9.15999336561718,7.76981880164303,8.82859835189365,1,1995-05-27
426,8,D,5nu6p@cunb.edu,1,1,8.72240006324953,9.35085478617927,8.79761786160177,10.0,10.0,10.0,1,1995-08-29
426,8,D,iya1k@cunb.edu,2,1,7.08047401655227,5.79389569472283,6.89413202211022,6.06867697178548,4.78209864995604,5.88233497734343,1,1995.08.27
426,8,D,e1itv@cunb.edu,1,1,8.63434045052772,7.09711916827281,8.57490600355585,10.0,8.48726947499629,9.96505631027933,1,1995-03-31
426,8,D,3rwwk@cunb.edu,1,1,7.81839220383714,7.43262343359689,7.72709209257315,10.0,10.0,10.0,1,1995-04-11
426,8,D,e8wme@cunb.edu,1,1,7.91283691434204,6.91251388883232,7.72789432520061,8.4311752872646,7.43085226175489,8.24623269812317,1,1995-03-31
426,8,D,gegky@cunb.edu,1,1,3.88810332338292,5.15276446738246,5.34021258992109,4.28298697592819,5.54764811992773,5.73509624246636,1,1994-09-20
426,8,D,jfois@cunb.edu,2,1,7.34891503144058,5.86706866070631,6.82358136612925,4.75855270197324,3.27670633123897,4.2332190366619,1,1995-05-05
426,8,D,ewpxg@cunb.edu,1,2,6.86789525417682,8.09426954319771,7.27907339507784,6.48649997587256,7.71287426489346,6.89767811677359,1,1995-04-07
426,8,D,efosi@cunb.edu,1,1,5.74687234800287,5.05573308769592,4.04074846882352,7.47908810616057,6.78794884585362,5.77296422698122,1,1995-01-28
426,8,D,qkep4@cunb.edu,2,1,6.50596439653431,7.00018317067419,7.43353586365823,4.44595812555419,4.94017689969407,5.37352959267811,1,1995-01-20
426,7,D,jyj0s@cunb.edu,1,2,2.31015543604524,2.75716905400411,2.25808422977359,3.83651193645373,4.2835255544126,3.78444073018208,1,1995-12-19
426,8,C,9onh3@cunb.edu,1,1,5.51478657266993,5.20407443075377,5.13134856988612,4.98346337022737,4.67275122831122,4.60002536744357,1,1994-09-07
458,6,A,gl4ym@cunb.edu,1,1,8.85262494739242,9.11981243426077,8.76677473187543,7.60927086086424,7.87645834773259,7.52342064534726,0,1997-03-03
458,6,A,kir9v@cunb.edu,1,1,8.50597806213873,7.67639729971515,8.09669795664476,7.7804871915094,6.95090642908582,7.37120708601544,0,1996-10-16
458,6,A,r4ehx@cunb.edu,1,1,4.42766985446459,5.74418795444316,5.76829856690264,4.67612675092607,5.99264485090464,6.01675546336412,0,1997-04-28
458,6,A,iegri@cunb.edu,1,1,6.36846683407903,6.54020352522612,7.65081195254579,3.94415045262724,4.11588714377433,5.22649557109401,0,1997-04-18
458,6,A,5r3hm@cunb.edu,2,1,8.11896811249145,7.89323988380321,8.68102274006643,8.49160421839204,8.2658759897038,9.05365884596702,0,1997-05-25
458,6,A,dfinr@cunb.edu,1,1,5.70666808221719,5.65812354913211,5.03234130848429,5.40814458643315,5.35960005334807,4.73381781270025,0,1997-01-13
458,6,B,d4sjt@cunb.edu,1,1,5.96283664816446,5.5261704109741,5.69303181796722,7.70113008551848,7.26446384832811,7.43132525532123,1,1996-10-29
458,6,B,pcsxp@cunb.edu,1,2,4.38354241256166,3.96145725682873,3.39662027558807,6.70145540326927,6.27937024753634,5.71453326629568,1,1996-11-14
458,6,B,prqtm@cunb.edu,2,1,7.15197785176475,6.19803952403505,6.90352269891788,8.66108565840374,7.70714733067403,8.41263050555686,1,1996-12-11
458,6,B,ezkwy@cunb.edu,1,1,5.31062695352347,5.41881202734993,3.90370949046673,5.07486683513712,5.18305190896358,3.66794937208038,1,1996-10-30
458,6,B,tkl40@cunb.edu,1,1,7.29049641803048,8.02381280414901,8.30994806183643,8.11631619480104,8.84963258091957,9.13576783860699,1,1996-12-17
458,6,B,xgdou@cunb.edu,1,2,4.80474854207117,3.28008759620119,3.97160984801579,6.89761209079614,5.37295114492616,6.06447339674077,1,1997-05-04
458,6,B,uhpko@cunb.edu,1,2,3.30405877022403,2.68211442981245,3.75302666569458,5.93015253281148,5.30820819239991,6.37912042828204,1,1997-01-15
458,6,B,11fkq@cunb.edu,1,2,7.58852544688357,7.04355970845295,7.24268185422493,8.79380260686384,8.24883686843322,8.4479590142052,1,1997-03-10
458,6,B,jss8s@cunb.edu,1,1,9.48043422510384,8.80833115817515,9.40400384662209,10.0,9.76474392384864,10.0,1,1996-12-20
458,6,C,lr2zl@cunb.edu,1,2,6.21224707912785,5.9754725921726,5.54872400581968,6.37114709669037,6.13437260973512,5.7076240233822,0,1997-03-15
458,6,C,xejap@cunb.edu,1,1,7.80479828987701,7.88088078258989,7.78159762846736,7.72614476854576,7.80222726125865,7.70294410713612,0,1996-09-14
458,6,C,jtv2s@cunb.edu,2,1,8.47156566558529,8.4193570529123,9.04080685963977,8.57698999292048,8.5247813802475,9.14623118697497,0,1996-12-16
458,6,C,akt4j@cunb.edu,1,2,3.80339532386573,2.97313429270001,4.0297621651,3.90185114477222,3.0715901136065,4.12821798600648,0,1996-12-11
458,6,C,5gj5m@cunb.edu,2,2,5.34116101238152,5.45905830777457,4.13572465787849,4.7456535670097,4.86355086240275,3.54021721250666,0,1997-08-06
458,6,C,65vzi@cunb.edu,1,1,4.31922820662498,5.57169176345109,3.65117159798159,6.27721614102549,7.5296796978516,5.6091595323821,0,1997-08-24
458,6,C,kecne@cunb.edu,1,1,7.30433629157923,7.12611101319052,6.71374357894964,5.85385140578189,5.67562612739318,5.2632586931523,0,1997-07-30
458,6,C,0e0fd@cunb.edu,2,2,7.79995019443906,7.62686736917696,8.45300543809882,7.49141828708663,7.31833546182453,8.1444735307464,0,1997-07-06
458,6,C,iyjhh@cunb.edu,1,2,7.66080959852426,8.48083763070046,6.95123494941382,7.19029905660131,8.01032708877751,6.48072440749087,0,1996-10-31
458,6,C,xoryh@cunb.edu,1,1,7.70234863040388,7.08288725744352,7.16205995855272,7.64134157539821,7.02188020243785,7.10105290354705,0,1997-01-17
458,6,C,zk5tq@cunb.edu,1,2,6.31956178669088,7.35862718496673,7.08407343385943,5.55649664058639,6.59556203886224,6.32100828775493,0,1996-09-25
458,6,C,yxg1g@cunb.edu,1,2,4.69040143866397,3.14292659195445,3.86379140386663,4.53839905005832,2.9909242033488,3.71178901526098,0,1997-04-28
458,6,C,arkkm@cunb.edu,1,1,6.17719294239886,6.35889771736347,5.86379210294344,5.48666220344512,5.66836697840972,5.17326136398969,0,1996-10-14
458,6,C,nanev@cunb.edu,1,1,8.85126425394261,7.35901362470755,7.69913503363201,9.44861212632791,7.95636149709285,8.29648290601731,0,1997-06-28
458,6,C,y8d1g@cunb.edu,1,2,0.0,1.33242917479146,0.0,0.0,0.0,0.0,0,1997-03-12
458,6,C,7tpvg@cunb.edu,1,1,6.67203631320639,8.05789166291846,7.64014115672229,5.88421559316819,7.27007094288027,6.8523204366841,0,1996-09-01
458,6,C,d6xgf@cunb.edu,2,1,7.60945504481063,7.73079990591944,8.53627318605871,7.77211102049882,7.89345588160763,8.6989291617469,0,1997-03-03
458,6,D,mkrds@cunb.edu,2,1,7.39246653365066,7.78558786371817,7.52664637584334,7.4524983603219,7.84561969038941,7.58667820251458,1,1997-03-08
458,6,D,8fih2@cunb.edu,1,1,5.84361854053479,5.80362424577963,6.76494765465525,5.26137098864117,5.22137669388601,6.18270010276162,1,1997-07-18
458,6,D,rwvxe@cunb.edu,1,1,8.39881451347341,7.75875295385217,8.1583864773946,8.54306370279568,7.90300214317444,8.30263566671687,1,1997-04-18
458,6,D,wlsxy@cunb.edu,1,1,8.34406943729037,7.62722118820885,6.79628981852794,10.0,9.60462784195903,8.77369647227812,1,1996-10-22
458,6,D,c2opz@cunb.edu,2,1,6.41390551383082,7.21130698768828,6.69787183439765,10.0,10.0,10.0,1,1997-03-17
458,6,D,r7vel@cunb.edu,1,1,8.37214852329174,7.24549503456632,7.78227216349745,9.72333409026727,8.59668060154185,9.13345773047299,1,1997-02-21
458,6,D,xnthj@cunb.edu,1,2,5.55278089312069,6.11087838742114,6.38447990822769,7.55893863395406,8.11703612825452,8.39063764906107,1,1996-11-02
458,6,D,rjely@cunb.edu,1,1,7.15958580702433,5.22048750242109,7.0619167769503,8.5137456274904,6.57464732288715,8.41607659741637,1,1997-07-22
458,7,A,cm7tj@cunb.edu,2,1,9.72674126773719,9.27764696012829,8.73091005338003,9.32581622427985,8.87672191667095,8.32998500992268,1,1996-08-28
458,7,A,qmfjf@cunb.edu,1,1,6.5331547190063,5.62854999858888,5.44862654242667,7.32455962712358,6.41995490670617,6.24003145054395,1,1996-08-31
458,7,A,4i4io@cunb.edu,1,2,5.94278311526013,6.20815896970762,5.37550525396673,8.17257085367441,8.43794670812189,7.605292992381,1,1996-08-11
458,7,A,uhb1x@cunb.edu,2,1,5.46932133558665,5.87117553540965,6.17037202735891,6.29464150452299,6.69649570434598,6.99569219629524,1,1996-03-08
458,7,A,9u4g5@cunb.edu,1,1,8.04746293794278,9.77697473397393,8.66020949888889,7.103227811579,8.83273960761015,7.71597437252511,1,1996-04-20
458,7,A,5vlgm@cunb.edu,2,1,7.06368601957634,7.14671476587952,7.49032406352759,7.92483023717527,8.00785898347844,8.35146828112651,1,1996-03-24
458,7,A,iwpta@cunb.edu,1,1,7.2454151837207,6.42355696810927,5.4719661506876,7.63016159194707,6.80830337633564,5.85671255891397,1,1996-04-06
458,7,A,pvpl2@cunb.edu,2,1,5.36954939420831,6.16707877078589,4.40539883086022,4.41768076099052,5.21521013756811,3.45353019764244,1,1995-12-12
458,7,A,lpqyp@cunb.edu,1,1,8.60655172856405,7.76644228573769,9.64386904042095,7.60265672614167,6.76254728331531,8.63997403799857,1,1995-09-14
458,7,A,hoby6@cunb.edu,1,1,6.37905838002999,5.9373602018467,6.35363810777281,6.11986205646542,5.67816387828213,6.09444178420824,1,1995-09-08
458,7,A,b1nfu@cunb.edu,1,2,9.24076524848749,9.19111625577022,8.52189329691862,8.97810772858342,8.92845873586615,8.25923577701455,1,1996-03-30
458,7,A,ksfdr@cunb.edu,1,1,6.93525649120035,7.05326155411946,6.63116440202045,6.99918106254617,7.11718612546528,6.69508897336627,1,1996-02-03
458,7,A,fe4tn@cunb.edu,2,1,7.07556631004754,7.49248050952647,6.81377693180311,7.4151334804297,7.83204767990862,7.15334410218527,1,1996-03-02
458,7,B,dcwvs@cunb.edu,1,1,6.38433063706974,8.07726286469618,6.20088056872258,5.63847389357828,7.33140612120473,5.45502382523113,0,1995-09-12
458,7,B,6pdl7@cunb.edu,2,1,7.64170837746888,7.24625837868034,6.70027116704687,7.88405993636163,7.4886099375731,6.94262272593962,0,1996-05-17
458,7,B,jonmv@cunb.edu,1,1,6.92088905797661,6.21760494244606,6.86617374263094,4.87763339696509,4.17434928143454,4.82291808161941,0,1996-08-31
458,7,B,z9hod@cunb.edu,1,1,8.21034856364753,8.37702016151201,8.85037368760135,8.28687992422459,8.45355152208907,8.92690504817841,0,1995-10-30
458,7,B,g6eel@cunb.edu,1,1,4.10675677868486,5.08242576827243,4.36541800086334,4.55723390071825,5.53290289030582,4.81589512289674,0,1996-05-27
458,7,B,acjjg@cunb.edu,2,2,5.02961499992101,5.22910197035684,5.54125537726371,3.77115654149796,3.97064351193379,4.28279691884066,0,1995-09-13
458,7,B,mn7jo@cunb.edu,1,1,6.21816237157922,5.75827959625762,6.75373095161062,6.44955854248116,5.98967576715956,6.98512712251256,0,1995-11-03
458,7,B,aafja@cunb.edu,1,1,4.32527507687811,4.98998256246452,4.88376625659768,5.05074402665728,5.71545151224368,5.60923520637684,0,1996-02-10
458,7,B,zhn8c@cunb.edu,1,1,7.2952773458899,5.31738755336189,6.83955365043292,6.33547214915426,4.35758235662626,5.87974845369728,0,1996-03-16
458,7,B,omgqj@cunb.edu,1,2,7.78748481958913,7.05136552085908,6.67589107859688,7.19015409978414,6.45403480105409,6.07856035879189,0,1995-09-18
458,7,B,xmkxp@cunb.edu,2,1,7.24883741117201,8.47180708148635,7.43734138435803,9.06975912740172,10.0,9.25826310058774,0,1995-09-30
458,7,B,pivr7@cunb.edu,1,1,8.34399291987592,8.95153988686452,8.83491882656762,8.8996934204343,9.50724038742289,9.390619327126,0,1996-07-15
458,7,B,f5sbh@cunb.edu,1,1,7.02966376724032,5.74019821644139,6.34433286128876,9.13665658685233,7.8471910360534,8.45132568090077,0,1995-09-15
458,7,C,cne9d@cunb.edu,2,1,6.71262588146091,6.36756580955297,6.88623232281715,7.46245219797167,7.11739212606374,7.63605863932792,1,1995-12-19
458,7,C,rxltp@cunb.edu,2,1,6.8348034043413,5.49736569967012,6.28307434549447,6.31974312858609,4.98230542391491,5.76801406973926,1,1996-05-16
458,7,C,uv18r@cunb.edu,1,1,7.42200085378833,7.52359164969645,6.71627634109579,5.3678291189863,5.46941991489442,4.66210460629376,1,1996-04-21
458,7,C,fubim@cunb.edu,1,1,6.05222823635519,6.71116111592233,7.07077567956254,5.03242654399598,5.69135942356312,6.05097398720333,1,1996-07-15
458,7,C,lbepv@cunb.edu,1,1,8.07335384215941,7.76691000003149,7.64838860908305,8.97537092035802,8.6689270782301,8.55040568728166,1,1996-03-17
458,7,C,l4sik@cunb.edu,2,1,5.78587657704281,7.08430950089621,5.57617636702287,5.41615593385779,6.71458885771118,5.20645572383784,1,1995-09-19
458,7,C,2cgxt@cunb.edu,2,1,6.09775747993571,6.41860859777388,6.29235423059744,5.19422912524513,5.5150802430833,5.38882587590686,1,1995-12-07
458,7,C,yurxl@cunb.edu,1,1,3.50196950656973,2.850739009284,4.51875936433352,2.4479575785765,1.79672708129077,3.46474743634029,1,1996-03-12
458,7,C,rkjmt@cunb.edu,1,1,0.346954292606513,1.81443259211997,0.714532615140031,0.736649792013636,2.20412809152709,1.10422811454715,1,1995-12-26
458,7,D,ahtbq@cunb.edu,1,1,6.49927600603702,6.50630385698902,4.99894487615826,8.04775680891516,8.05478465986716,6.5474256790364,1,1996-06-25
458,7,D,l50xi@cunb.edu,1,1,9.53980743865369,9.23831076900361,10.0,9.51553856946702,9.21404189981694,9.97573113081333,1,1996-07-18
458,7,D,bbaak@cunb.edu,1,1,7.98331410320419,7.21615185657459,7.0969149253698,7.49357619012916,6.72641394349956,6.60717701229477,1,1995-09-03
458,7,D,kjcs7@cunb.edu,2,2,4.47990469000716,5.73509340658267,4.39805269445707,5.78150005372028,7.03668877029578,5.69964805817018,1,1996-04-08
458,7,D,bpnfv@cunb.edu,1,1,6.73963524438192,7.45578194213783,7.06381273027261,3.68390250875862,4.40004920651452,4.0080799946493,1,1996-07-18
458,7,D,zn3gh@cunb.edu,1,1,8.34681287845293,8.8296435486495,8.16741257970849,10.0,10.0,9.8328399588761,1,1996-01-04
458,7,D,ril1k@cunb.edu,1,1,3.85811880382878,3.41058264033106,3.48538919690234,3.25979461558155,2.81225845208383,2.88706500865511,1,1995-09-15
458,7,D,sbm9o@cunb.edu,1,2,7.17818964421293,7.85354313309779,7.45594635940632,8.80746980265091,9.48282329153578,9.0852265178443,1,1996-03-13
458,7,D,47nsz@cunb.edu,1,1,7.82961047759871,8.58150465313937,8.95618200528096,5.61454268821152,6.36643686375217,6.74111421589376,1,1995-12-19
458,7,D,uehmz@cunb.edu,2,1,3.79746827469646,3.97005251688391,4.02107695709422,4.71024086813187,4.88282511031931,4.93384955052962,1,1996-03-31
458,7,D,jkl2u@cunb.edu,1,1,8.00434043210788,8.00021128122552,6.75707647762118,9.78051283212459,9.77638368124222,8.53324887763789,1,1996-06-22
458,8,A,xs7md@cunb.edu,2,1,3.75261004262852,3.36490472772406,3.96293525996866,4.60799543236752,4.22029011746307,4.81832064970767,0,1995-05-22
458,8,A,qtlhk@cunb.edu,1,1,7.29010265011819,6.29335523600237,7.77731460489811,6.77866430268254,5.78191688856672,7.26587625746246,0,1994-10-05
458,8,A,ldmq4@cunb.edu,1,1,4.21598897835227,4.24522079534816,4.37873219473275,4.41963649054353,4.44886830753942,4.58237970692401,0,1994-09-08
458,8,A,37tbm@cunb.edu,2,1,4.57157474175033,4.94777990948347,5.17928244849605,4.4137527847626,4.78995795249573,5.02146049150831,0,1995-04-02
458,8,A,2nc0a@cunb.edu,1,1,6.3885596846743,5.58380960817919,4.62543653469071,6.2350265357915,5.43027645929639,4.47190338580792,0,1995-03-16
458,8,A,gycoh@cunb.edu,2,1,4.5728508939337,4.97310534932874,5.77358955026828,4.19546026752454,4.59571472291958,5.39619892385912,0,1995-06-07
458,8,A,mdtiq@cunb.edu,1,1,8.78634962669352,9.40358627212012,9.84795136141369,7.93797821271417,8.55521485814078,8.99957994743434,0,1994-10-24
458,8,A,0jgti@cunb.edu,1,1,7.98333662176304,7.75756683233924,8.55282259486414,7.76931550915203,7.54354571972824,8.33880148225314,0,1995-07-16
458,8,A,whde3@cunb.edu,1,1,3.96710928474448,2.75845420584909,2.83956618738256,,2.66479420535058,2.74590618688405,0,1995-06-18
458,8,A,rjjmp@cunb.edu,2,1,6.33380937068393,6.09044110732754,7.18098966036593,8.38673240388611,8.14336414052972,9.23391269356811,0,1995-02-10
458,8,A,kokcb@cunb.edu,1,1,8.39823363269129,9.45128746623555,8.0540310210959,6.72072466310192,7.77377849664617,6.37652205150653,0,1994-09-14
458,8,A,kfmbj@cunb.edu,1,1,6.83582705081071,8.2917890866157,7.14626355011578,5.64593455373867,7.10189658954366,5.95637105304374,0,1994-11-21
458,8,A,kb2g6@cunb.edu,1,1,9.61389814929106,9.96372112964281,9.48961550562643,10.0,10.0,9.93518285062444,0,1995-02-16
458,8,A,5rwia@cunb.edu,1,1,7.86487555650141,8.57060960640278,8.07969816035669,8.61316066967763,9.31889471957899,8.82798327353291,0,1995-04-23
458,8,B,lk3py@cunb.edu,2,1,6.22977151688608,6.13989018941718,5.11134410011071,7.18129050250306,7.09140917503416,6.06286308572769,1,1995-06-12
458,8,B,bdcco@cunb.edu,1,1,6.9588889142319,5.81663697704742,6.66629739970038,7.63333085548084,6.49107891829636,7.34073934094932,1,1995-01-28
458,8,B,xmdvn@cunb.edu,1,2,6.2961846401585,6.36625880912372,6.52934931802058,5.79191382530374,5.86198799426896,6.02507850316582,1,1995-03-11
458,8,B,w468o@cunb.edu,1,1,5.21355456917907,5.00068411103811,6.29942827777367,7.45595465157125,7.24308419343028,8.54182836016584,1,1995-02-16
458,8,B,rlake@cunb.edu,1,1,7.95589136575974,7.19486565107173,6.30936057131431,9.06703022466832,8.30600450998032,7.4204994302229,1,1994-11-13
458,8,B,pinrz@cunb.edu,2,1,8.93859609823369,8.80333291275122,8.84623793979802,8.2939726572837,8.15870947180123,8.20161449884803,1,1994-09-15
458,8,B,gkcuu@cunb.edu,1,1,7.63409974214468,8.84118066656251,7.26441798939217,7.1545608142495,8.36164173866733,6.78487906149699,1,1995-03-31
458,8,B,caiyy@cunb.edu,1,1,6.12174782359377,6.48822310536505,6.60859660494477,6.69315576722529,7.05963104899657,7.18000454857629,1,1995-08-22
458,8,B,ql8mm@cunb.edu,1,1,3.98044013893999,4.18049601754941,3.91823524339892,3.77301796999646,3.97307384860588,3.71081307445539,1,1994-11-13
458,8,B,nclg5@cunb.edu,1,1,8.3090372578894,8.27169583967898,7.92192994334746,8.97520546558621,8.9378640473758,8.58809815104428,1,1994-10-24
458,8,C,96vnx@cunb.edu,1,1,8.31839959015688,8.83672313876068,8.00468512782445,5.16824523143331,5.68656878003711,4.85453076910088,0,1995-03-30
458,8,C,aqrng@cunb.edu,1,1,6.97624972009102,7.57853830571289,5.83809274493719,7.54955844317361,8.15184702879547,6.41140146801977,0,1995-02-09
458,8,C,lx1pm@cunb.edu,1,1,7.56435993892665,6.31781169699098,7.24778386132385,9.58323826039535,8.33669001845968,9.26666218279255,0,1995-05-06
458,8,C,kxbdr@cunb.edu,1,2,7.53076124225658,6.75440271978182,6.14861538109285,7.97494061692566,7.1985820944509,6.59279475576193,0,1994-12-30
458,8,C,hlexy@cunb.edu,1,1,4.00108088601818,4.84479670927366,4.22147039745441,2.4570338858831,3.30074970913858,2.67742339731932,0,1995-07-01
458,8,C,zeygx@cunb.edu,1,1,6.61589835679826,7.30764800219533,6.16576030061316,7.47744897592767,8.16919862132474,7.02731091974258,0,1995-07-25
458,8,C,qdyj8@cunb.edu,1,1,7.91608927441698,7.43866707613629,8.2673561786854,7.1799876025149,6.70256540423421,7.53125450678332,0,1995-01-21
458,8,C,n456f@cunb.edu,1,1,7.49852144695453,7.52639097744233,8.8668074526415,7.36651312991554,7.39438266040335,8.73479913560251,0,1995-01-13
458,8,C,l9zew@cunb.edu,2,1,5.23051166524885,5.14735187394319,5.15081465281321,5.63360654436812,5.55044675306246,5.55390953193248,0,1995-02-08
458,8,C,mqczj@cunb.edu,1,2,7.21177177847748,6.95044315764134,8.04382665985649,6.30635184744908,6.04502322661294,7.13840672882809,0,1994-10-01
458,8,C,cqs6s@cunb.edu,1,1,5.9766962459471,6.20277330662794,5.90566869277246,7.31637281464417,7.542449875325,7.24534526146952,0,1995-03-13
458,8,C,recvk@cunb.edu,1,1,6.77326541020843,7.79031835914898,7.27188708725694,7.06427155849584,8.08132450743639,7.56289323554435,0,1995-07-23
458,8,C,kqgit@cunb.edu,1,1,7.96876052256367,7.05670215377278,7.81901999890498,8.36866312340287,7.45660475461197,8.21892259974417,0,1994-11-07
458,8,C,77yaw@cunb.edu,1,2,8.61886758553141,8.06564375208967,8.37724897833817,8.81541148097522,8.26218764753349,8.57379287378199,0,1995-06-08
458,8,C,ns2qe@cunb.edu,1,1,2.50016789101875,4.27331916020131,4.21609773357278,2.64829399049252,4.42144525967508,4.36422383304655,0,1994-11-15
458,8,D,lckhd@cunb.edu,1,1,6.9026785021701,7.95784288310047,6.46462079827275,6.32775438487623,7.3829187658066,5.88969668097888,0,1994-09-19
458,8,D,jqmwu@cunb.edu,2,1,8.77781319867313,7.38246512755245,7.70004439696163,9.82171869707809,8.42637062595741,8.74394989536659,0,1994-10-02
458,8,D,erewn@cunb.edu,1,1,5.38105793067056,4.92877876528341,5.32733409062762,6.75081599064077,6.29853682525361,6.69709215059782,0,1995-07-28
458,8,D,rwttk@cunb.edu,2,2,5.43033979376769,5.81422066697842,6.65583957508198,5.40997236077385,5.79385323398458,6.63547214208813,0,1995-08-11
458,8,D,7cj41@cunb.edu,2,1,7.54367948345895,7.40441909408252,8.11357974609415,8.7812086619288,8.64194827255237,9.351108924564,0,1995-01-07
458,8,D,slyyl@cunb.edu,1,1,4.69553175206471,5.59039604441437,4.82255487247545,3.5802311406061,4.47509543295577,3.70725426101684,0,1994-09-08
458,8,D,du0jq@cunb.edu,1,1,6.60389563237582,5.61628948134636,5.77120344602768,7.58537588135717,6.59776973032771,6.75268369500903,0,1995-08-09
458,8,D,wzjad@cunb.edu,1,1,6.58580066061683,6.09540823458798,6.3875107125669,7.75356879461196,7.26317636858311,7.55527884656203,0,1995-03-02
458,8,D,lffo4@cunb.edu,1,1,8.82684788182753,9.06036330880973,9.65798940956968,9.5502075613796,9.78372298836179,10.0,0,1995-02-20
458,8,D,wumjr@cunb.edu,2,1,5.6164297340285,6.01971161969341,5.86022846352644,6.62965343949792,7.03293532516283,6.87345216899586,0,1995-04-09
458,8,D,yspze@cunb.edu,1,2,5.28255310378477,6.2905416391182,4.718781365114,3.21076019623654,4.21874873156996,2.64698845756577,0,1994-09-02
458,8,D,fuzfz@cunb.edu,1,1,9.18411732327768,9.20817390133271,8.57390752064639,10.0,10.0,10.0,0,1994-11-22
458,8,D,ia40b@cunb.edu,1,1,6.2864857365252,6.07189410718768,6.31602348553627,7.37684821517496,7.16225658583744,7.40638596418603,0,1995-02-01
458,6,D,xnthj@cunb.edu,1,2,5.55278089312069,6.11087838742114,6.38447990822769,7.55893863395406,8.11703612825452,8.39063764906107,1,1996-11-02
499,6,A,ir7hz@cunb.edu,1,1,6.18610096713484,7.01676786029667,5.51433492815078,7.43598360291257,8.2666504960744,6.76421756392851,0,1996-12-29
499,6,A,jmmqx@cunb.edu,1,1,5.77725721616913,6.93050023681168,6.20031659398843,6.00639316197485,7.15963618261739,6.42945253979414,0,1997-01-27
499,6,A,mfgmv@cunb.edu,1,1,6.59825996861473,6.42573242115468,6.59630087523401,5.52660707972466,5.35407953226461,5.52464798634394,0,1997-08-04
499,6,A,xl2ct@cunb.edu,1,1,7.97234690262292,7.43523048961822,6.41999948190812,6.53424834676143,5.99713193375673,4.98190092604663,0,1996-12-02
499,6,A,zyjey@cunb.edu,1,2,7.51025800488246,8.35798294131932,7.53706590679762,6.58374913654615,7.43147407298301,6.61055703846131,0,1997-04-09
499,6,A,v9luv@cunb.edu,1,1,7.60875530884898,7.93832864397502,6.96171829820907,8.03658549522509,8.36615883035113,7.38954848458518,0,1996-12-21
499,6,A,zfizd@cunb.edu,2,1,7.8250705971595,6.32517262494453,7.73220132796356,6.65292368295305,5.15302571073808,6.56005441375711,0,1996-09-27
499,6,B,c0ivs@cunb.edu,1,1,9.78499292381509,9.05879692625656,9.39126421217277,9.92601963136297,9.19982363380443,9.53229091972064,1,1996-09-15
499,6,B,enqd7@cunb.edu,2,1,7.25266675774941,6.36867012766192,5.65463559872473,8.43034787242367,7.54635124233618,6.83231671339899,1,1996-11-27
499,6,B,c5qv9@cunb.edu,1,1,4.37510625050013,4.30513566369732,5.37455868311768,5.14462345463731,5.0746528678345,6.14407588725486,1,1997-05-03
499,6,B,kswpv@cunb.edu,1,1,2.95735005714306,3.49994561082059,2.47252565767922,2.83452201984804,3.37711757352557,2.34969762038421,1,1996-11-20
499,6,B,e66bf@cunb.edu,1,1,7.3235668864873,6.01510746626451,5.57524703106179,7.79587387518597,6.48741445496319,6.04755401976047,1,1996-09-26
499,6,B,d56on@cunb.edu,1,1,8.89068634532911,8.68725806199533,9.14572473107425,7.3377985228807,7.13437023954692,7.59283690862584,1,1997-01-01
499,6,B,k0nl2@cunb.edu,1,1,6.72790074412495,7.43196527304843,7.08319598127872,7.73482795296744,8.43889248189092,8.09012319012121,1,1996-09-12
499,6,B,7o2d9@cunb.edu,1,1,6.36119155975449,7.46928333461675,6.94408179650473,5.93432698251652,7.04241875737878,6.51721721926677,1,1997-04-09
499,6,B,qvkbw@cunb.edu,2,1,4.12191876433692,3.06246785996384,2.92995038293205,4.38259890192482,3.32314799755174,3.19063052051994,1,1997-07-14
499,6,C,z3zpv@cunb.edu,1,1,4.18636064425617,5.15521134211257,4.32241501527414,4.77525798793721,5.7441086857936,4.91131235895517,0,1996-11-15
499,6,C,mkpmx@cunb.edu,1,1,6.35231144227662,5.66927023245597,6.14744084993952,5.39204953485422,4.70900832503356,5.18717894251712,0,1996-09-07
499,6,C,kae9s@cunb.edu,1,1,8.01319539754067,7.81632205026571,8.18920348326091,8.96735795998106,8.7704846127061,9.1433660457013,0,1997-05-02
499,6,C,aznwz@cunb.edu,1,1,8.78498759118174,7.39489949259241,8.09288755196412,8.98189333743589,7.59180523884656,8.28979329821827,0,1996-09-22
499,6,C,zemx6@cunb.edu,1,2,4.25422622998502,3.29076212960553,3.22103883967992,4.58395058316737,3.62048648278788,3.55076319286227,0,1996-10-08
499,6,C,yanbw@cunb.edu,1,1,7.74742521045658,8.02501464148912,7.14753554414886,7.50245558335745,7.78004501438999,6.90256591704973,0,1997-08-20
499,6,C,9butf@cunb.edu,1,1,5.31020251519021,6.58480138468531,6.32172627651107,6.96100091468181,8.2355997841769,7.97252467600267,0,1997-02-11
499,6,C,gvfrd@cunb.edu,1,1,8.4532462104306,8.028585790851,7.39136284096989,9.24969985179943,8.82503943221984,8.18781648233873,0,1997-03-15
499,6,C,vz3c5@cunb.edu,2,1,8.41233492729964,8.56172588228958,8.73251861514302,7.3892169773426,7.53860793233254,7.70940066518598,0,1997-08-25
499,6,C,hlmvr@cunb.edu,1,1,9.39977547290226,8.57693884052759,10.0,9.84744561110114,9.02460897872646,10.0,0,1996-11-14
499,6,C,vv1ae@cunb.edu,1,1,7.27945849286868,6.72851374453409,7.37167653754829,6.83147377683383,6.28052902849924,6.92369182151344,0,1997-07-26
499,6,D,pbvow@cunb.edu,1,1,9.45636370446121,8.81320242018958,8.66849745431503,9.36590636743216,8.72274508316053,8.57804011728598,0,1997-05-22
499,6,D,xio5c@cunb.edu,1,1,8.98762861400381,7.23396053624809,7.41107488231272,10.0,10.0,10.0,0,1997-06-04
499,6,D,eudef@cunb.edu,1,1,6.91089883097121,7.10361924883583,6.96333872130745,6.29224014890577,6.48496056677039,6.34468003924202,0,1997-06-18
499,6,D,wmrs4@cunb.edu,2,1,5.23085384117551,5.6583550241787,4.52154917130359,6.46466723773136,6.89216842073454,5.75536256785943,0,1997-05-25
499,6,D,mbgc9@cunb.edu,1,1,7.14271590858763,7.54178346553883,8.17042414192176,6.85839628515362,7.25746384210481,7.88610451848774,0,1997-07-10
499,6,D,l23qn@cunb.edu,2,1,7.34546519404023,6.81953377935781,6.98709813978268,7.66946058505413,7.14352917037171,7.31109353079659,0,1997-04-30
499,6,D,ggkj1@cunb.edu,1,1,3.08381773236468,4.56415887394249,3.36500546879395,3.41039279746293,4.89073393904074,3.6915805338922,0,1997-06-03
499,6,D,frynv@cunb.edu,1,1,9.19035595651218,8.33269297560179,8.8141310046936,7.97044133873796,7.11277835782757,7.59421638691937,0,1997-05-09
499,6,D,vuv9w@cunb.edu,1,2,6.51352109713901,6.77184988139619,6.37920866581101,5.20655441500098,5.46488319925815,5.07224198367298,0,1997-04-09
499,6,D,bukxe@cunb.edu,1,1,5.84699443756513,5.96572163590141,6.98838491161264,7.9899100242896,8.10863722262588,9.13130049833712,0,1997-02-17
499,6,D,saivp@cunb.edu,1,1,7.90874397817601,7.65383344625656,6.54125806938459,9.68673763916958,9.43182710725013,8.31925173037816,0,1996-10-13
499,7,A,zgmnu@cunb.edu,2,1,4.43178802701985,5.15933671986094,5.89915803420698,5.61015104314119,6.33769973598227,7.07752105032832,1,1996-04-06
499,7,A,gioud@cunb.edu,1,1,8.01075293884439,7.44454777442676,7.92976495499549,9.97299951037034,9.40679434595271,9.89201152652144,1,1996-07-26
499,7,A,28zir@cunb.edu,1,2,4.47546546329602,3.61616533790573,3.97555272449597,5.45279397642714,4.59349385103685,4.95288123762709,1,1996-03-06
499,7,A,2zqpg@cunb.edu,1,1,6.63685674721834,6.17623153876972,6.55649822054889,8.94059188471073,8.47996667626211,8.86023335804129,1,1996-03-19
499,7,A,vv2tx@cunb.edu,1,2,5.33888564354011,5.82748758748376,6.92731456414067,5.7322784714945,6.22088041543815,7.32070739209506,1,1996-04-27
499,7,A,m3nua@cunb.edu,1,2,4.32972639317611,5.62844964706325,4.95794370382079,6.70101016059832,7.99973341448546,7.329227471243,1,1996-04-18
499,7,A,y3qan@cunb.edu,1,1,4.444774142894,3.96043756041586,4.8330651511988,4.16005648940993,3.6757199069318,4.54834749771474,1,1995-11-05
499,7,A,puggl@cunb.edu,1,1,7.58657924340711,8.6590884209019,8.62289179138512,8.40703960279508,9.47954878028987,9.44335215077309,1,1995-11-02
499,7,A,tvunw@cunb.edu,2,1,4.67270527062557,5.60077643841124,4.49334480641029,3.85842041084693,4.7864915786326,3.67905994663165,1,1996-01-16
499,7,A,xpnyp@cunb.edu,2,1,8.53820936238628,9.11560906280067,7.62276865538444,8.94538131530115,9.52278101571554,8.02994060829931,1,1996-03-01
499,7,A,qeokc@cunb.edu,1,1,9.3609924057486,8.56602457929276,8.81955699827396,10.0,10.0,10.0,1,1996-05-30
499,7,A,tmne1@cunb.edu,1,1,3.7520138585509,4.48652518554937,2.77530545289975,3.48019636212154,4.21470768912001,2.50348795647039,1,1996-08-02
499,7,A,xjuir@cunb.edu,1,2,7.18614954120301,5.46130287871518,6.9073697392904,9.36669542823189,7.64184876574405,9.08791562631928,1,1996-03-27
499,7,B,x7x7g@cunb.edu,1,1,9.30830536661148,8.59570840950534,9.17011355719939,9.70104802280729,8.98845106570114,9.56285621339519,1,1995-12-30
499,7,B,myzht@cunb.edu,1,2,8.35944570582182,9.4256685853918,8.18042782582164,10.0,10.0,10.0,1,1996-03-04
499,7,B,h20wd@cunb.edu,1,1,6.95800761938988,7.53441724800467,7.98276950153484,6.6391582773114,7.21556790592619,7.66392015945636,1,1995-11-28
499,7,B,xo0dh@cunb.edu,1,2,7.75332131207606,7.71886628976709,6.00786667567364,8.89960652290688,8.86515150059791,7.15415188650446,1,1995-11-20
499,7,B,mbrq1@cunb.edu,1,1,8.14277854353739,7.78987835046453,6.79274499767078,6.38679188112202,6.03389168804916,5.03675833525541,1,1995-10-16
499,7,B,wodjf@cunb.edu,2,1,5.29036158352183,6.22836970333965,5.34559655823769,7.09844467710846,8.03645279692628,7.15367965182432,1,1995-12-29
499,7,B,qun4d@cunb.edu,2,1,6.500943360443,5.53728334658105,5.29276343999688,7.1266612105907,6.16300119672875,5.91848129014458,1,1995-10-17
499,7,B,xy2bm@cunb.edu,1,1,7.96593198250777,6.40796056553519,7.88627384952998,7.4034320714562,5.84546065448362,7.32377393847841,1,1996-07-19
499,7,B,cznqp@cunb.edu,1,1,9.69429149622298,9.87096642380781,8.56282126162402,9.92000965862516,10.0,8.7885394240262,1,1996-08-12
499,7,B,4tugb@cunb.edu,1,1,4.6850740304675,4.96529009756558,4.58377195713036,5.32359841784305,5.60381448494113,5.22229634450591,1,1996-07-20
499,7,B,tfzza@cunb.edu,1,2,8.60619951651638,7.06306793733706,7.82527548267712,10.0,9.02448222029323,9.7866897656333,1,1995-09-08
499,7,B,k59dj@cunb.edu,1,2,5.73257868220949,6.17704881584191,5.98646197557368,6.45081899740996,6.89528913104238,6.70470229077416,1,1995-11-16
499,7,B,niuj0@cunb.edu,2,1,6.06506785619969,6.2919331002977,5.99350081626291,5.13101290391349,5.3578781480115,5.05944586397671,1,1996-03-16
499,7,B,53wnh@cunb.edu,1,1,8.47930311833689,8.73317136711621,7.5972113758623,9.14288858911935,9.39675683789867,8.26079684664476,1,1996-05-05
499,7,C,j6a6a@cunb.edu,2,1,6.90103871367756,7.46145470153425,8.02492406770472,9.29746807174929,9.85788405960598,10.0,1,1996-08-04
499,7,C,pzdqa@cunb.edu,1,1,4.79563403173445,4.78206845975577,4.73141105284079,4.5516262986688,4.53806072669011,4.48740331977513,1,1996-05-06
499,7,C,jkfsi@cunb.edu,1,1,7.11008338421816,7.22697351245442,7.81032396691152,7.9789162153789,8.09580634361517,8.67915679807227,1,1996-05-18
499,7,C,88a7f@cunb.edu,2,1,4.27463180538836,3.97199862138006,4.57976814279901,5.19444395590124,4.89181077189293,5.49958029331189,1,1996-05-05
499,7,C,dmug1@cunb.edu,2,2,6.99076683892492,6.48477767434527,7.08554471916143,9.01261957771572,8.50663041313606,9.10739745795222,1,1996-05-08
499,7,C,yhkba@cunb.edu,2,1,4.73924508261813,3.24933680928631,3.91737340287624,5.98739616019132,4.4974878868595,5.16552448044944,1,1996-02-06
499,7,C,i3lke@cunb.edu,2,1,7.12982956161521,6.93894720058687,7.46679537771068,7.02683905302253,6.83595669199419,7.363804869118,1,1996-04-08
499,7,C,lqmmt@cunb.edu,1,1,1.63034390175059,1.2126515254499,2.53144755569562,2.88615339739032,2.46846102108962,3.78725705133534,1,1996-06-29
499,7,C,etyeq@cunb.edu,1,1,8.54043524164002,8.33342403649579,8.27675520220067,8.5099052688066,8.30289406366237,8.24622522936725,1,1995-11-07
499,7,C,gxxsr@cunb.edu,2,1,7.64270816852552,7.59942261378494,7.27972656830427,9.43541130741431,9.39212575267373,9.07242970719307,1,1996-02-27
499,7,C,q4vhd@cunb.edu,1,1,7.69746560960821,7.53298745615221,8.01262437863089,7.09245519228192,6.92797703882592,7.4076139613046,1,1995-11-29
499,7,C,3fxda@cunb.edu,1,2,6.50672300152524,7.46002916611775,5.9360055107814,9.12736593816794,10.0,8.5566484474241,1,1995-09-02
499,7,C,arw8m@cunb.edu,1,1,9.62409382880664,8.53675023428163,9.62263800910673,10.0,9.8415373707025,10.0,1,1996-07-20
499,7,C,rsvdo@cunb.edu,1,2,7.75098419730101,7.71065739710365,9.41705769794543,10.0,10.0,10.0,1,1995-12-29
499,7,C,dngzi@cunb.edu,1,1,6.22856170461391,6.16173111052131,6.9133612928993,6.04667580877161,5.979845214679,6.73147539705699,1,1996-03-22
499,7,C,grujk@cunb.edu,2,1,7.76744824526381,7.77261175792214,7.32415742631551,8.36985719917232,8.37502071183065,7.92656638022402,1,1996-08-20
499,7,C,e8ypj@cunb.edu,1,2,7.0509091165007,6.68911920637795,6.5882671536968,10.0,10.0,10.0,1,1996-03-29
499,7,C,cykhf@cunb.edu,2,1,0.911961986470134,2.49445320039159,2.20755220043576,1.73046031867607,3.31295153259753,3.0260505326417,1,1995-12-15
499,7,C,x016s@cunb.edu,1,1,10.0,10.0,10.0,10.0,10.0,10.0,1,1996-03-28
499,7,D,uuoz9@cunb.edu,2,1,8.29831314496138,9.01383099788242,7.57838944522106,9.47079473077811,10.0,8.75087103103779,1,1996-02-14
499,7,D,apep8@cunb.edu,1,1,4.88735386121973,6.11335195785344,6.56050099663392,5.87452201028005,7.10052010691375,7.54766914569423,1,1995-09-25
499,7,D,16hgn@cunb.edu,2,2,6.88857674949979,5.99209475309765,5.5590157311148,8.75866628585532,7.86218428945318,7.42910526747033,1,1996-05-03
499,7,D,eadkk@cunb.edu,2,1,7.13584309510821,6.67157526194983,6.31469539154255,8.54007365072772,8.07580581756934,7.71892594716206,1,1996-07-08
499,7,D,ryvuq@cunb.edu,1,1,8.12352790035666,8.72257374883057,8.28235379424305,7.25995493789128,7.85900078636518,7.41878083177767,1,1995-09-16
499,7,D,kultj@cunb.edu,1,1,6.18148588702029,6.26710378272406,7.71209941651619,7.66591678353647,7.75153467924024,9.19653031303237,1,1995-10-07
499,7,D,4wurs@cunb.edu,1,1,9.78657310807628,10.0,8.8098542595051,10.0,10.0,10.0,1,1995-09-15
499,7,D,v7j8f@cunb.edu,1,1,7.723748477973,8.05265975823249,8.21372494600336,7.81267679786475,8.14158807812424,8.30265326589511,1,1996-05-07
499,7,D,ptdma@cunb.edu,2,1,8.26395489509946,7.50029718644715,8.61569924561105,10.0,9.97113944481276,10.0,1,1995-11-16
499,7,D,nn4zb@cunb.edu,1,1,5.62599497250411,4.69207785519901,4.20582660063299,5.14260831457126,4.20869119726616,3.72243994270015,1,1995-11-21
499,7,D,5kxok@cunb.edu,1,1,4.98919050206971,5.88871258448418,6.06191984003019,5.39360086951985,6.29312295193433,6.46633020748034,1,1995-10-01
499,7,D,8qv1f@cunb.edu,2,1,8.41960342133967,7.88597625073595,8.2794051118995,7.70838831626744,7.17476114566372,7.56819000682727,1,1995-09-08
499,7,D,5qxjj@cunb.edu,1,2,5.56272418609991,5.72545924316331,4.63160002091139,5.66096328769936,5.82369834476276,4.72983912251084,1,1995-09-30
499,7,D,izec7@cunb.edu,2,1,7.21014078668285,5.72603105994839,7.12387375821326,8.93941914379374,7.45530941705928,8.85315211532414,1,1996-06-20
499,8,A,9aluk@cunb.edu,1,1,5.7411232595964,4.79129385581972,4.6752367648928,6.12484015986257,5.17501075608589,5.05895366515898,1,1995-03-07
499,8,A,zdncv@cunb.edu,1,2,5.70483142502768,4.97803958358405,5.13096358340396,6.50432039911205,5.77752855766842,5.93045255748832,1,1995-04-21
499,8,A,kcwtr@cunb.edu,2,1,6.00404549566661,5.01653509996464,4.47480357801174,7.04501153152398,6.057501135822,5.51576961386911,1,1995-02-07
499,8,A,sxprw@cunb.edu,1,1,7.89575122408455,6.66686691129466,8.1892288501363,8.00104441717584,6.77216010438595,8.29452204322759,1,1994-09-30
499,8,A,mrm3l@cunb.edu,1,1,8.94229122183594,8.98514749740558,7.90899206071469,7.93122447106723,7.97408074663688,6.89792530994599,1,1995-03-29
499,8,A,s9sju@cunb.edu,1,1,7.93413045235193,8.20498278621799,7.89553487092471,5.02867196285517,5.29952429672123,4.99007638142795,1,1995-07-05
499,8,A,ysfjz@cunb.edu,1,1,7.18768678891227,8.81053426355809,7.62750927737668,7.47457658503656,9.09742405968238,7.91439907350098,1,1994-12-15
499,8,A,81dp5@cunb.edu,1,1,8.45276236196315,8.43820052814937,8.9242790559054,7.22920600707946,7.21464417326567,7.70072270102171,1,1995-08-05
499,8,A,hmg2f@cunb.edu,1,1,7.21054284092409,7.04344799373669,6.08498247111586,7.63062993036477,7.46353508317737,6.50506956055654,1,1995-03-12
499,8,A,cogby@cunb.edu,1,1,8.24611780788661,8.61138740690337,9.49417062053369,9.55528879569921,9.92055839471597,10.0,1,1995-07-09
499,8,A,ardma@cunb.edu,1,1,9.11858824131899,7.87188788460456,7.88758247908093,10.0,9.4540204079555,9.46971500243187,1,1995-02-21
499,8,A,ayj4k@cunb.edu,1,2,3.95641686548631,4.88309943503852,4.18152174274589,5.65794976213689,6.58463233168911,5.88305463939647,1,1995-01-22
499,8,A,mvh0a@cunb.edu,1,2,2.68689634670992,1.70909138649259,3.19387657355075,3.89553486486218,2.91772990464485,4.402515091703,1,1995-01-12
499,8,A,e9whz@cunb.edu,1,1,8.26893775854973,7.92608213229818,8.25886999760536,9.58460350603343,9.24174787978188,9.57453574508906,1,1995-01-06
499,8,A,otbkf@cunb.edu,1,1,4.33383517143009,5.14140005306033,5.54881949572516,4.40510679186343,5.21267167349367,5.6200911161585,1,1994.10.27
499,8,A,uwwix@cunb.edu,1,1,6.57733916433234,6.61429582245354,6.24294298363555,7.02270750273098,7.05966416085218,6.68831132203419,1,1995-01-09
499,8,A,fzfwf@cunb.edu,2,1,7.18802475218515,6.19716616940538,6.96484503556828,8.03507108567422,7.04421250289445,7.81189136905735,1,1995-08-22
499,8,B,ye0bd@cunb.edu,1,1,4.00781097154979,3.27950284335677,3.62420130832036,4.27652304349367,3.54821491530065,3.89291338026423,0,1994-09-06
499,8,B,ucyat@cunb.edu,1,2,7.96585261808736,9.32830786319477,7.94471279239309,6.15369886233216,7.51615410743957,6.1325590366379,0,1994-10-02
499,8,B,87sjm@cunb.edu,2,1,8.71029417883782,9.05947238035678,7.59097129447563,7.23423734089936,7.58341554241832,6.11491445653717,0,1994-11-15
499,8,B,z62or@cunb.edu,1,2,5.48347605210304,6.22125246799126,6.28344499277458,5.92760843584245,6.66538485173067,6.72757737651398,0,1994-11-21
499,8,B,hadi3@cunb.edu,2,1,8.19345682588753,7.06757643361923,7.897669900296,9.24051879770592,8.11463840543762,8.94473187211439,0,1995-05-26
499,8,B,qx4wv@cunb.edu,1,1,9.34218878731063,9.83917599324068,9.90637437080896,8.3924909434651,8.88947814939516,8.95667652696343,0,1995-08-21
499,8,B,pjxx5@cunb.edu,1,1,6.37333088802402,4.5849380988278,4.94490851430451,7.05522616806675,5.26683337887053,5.62680379434723,0,1995-03-02
499,8,B,cvixe@cunb.edu,1,1,6.09062728960212,5.410941098576,6.05689119942632,7.22732871787518,6.54764252684906,7.19359262769937,0,1995-02-25
499,8,B,dp8xe@cunb.edu,1,1,5.55536164697841,5.74447728722007,6.13314488512114,5.96553055883346,6.15464619907511,6.54331379697619,0,1995-01-23
499,8,B,rig9a@cunb.edu,1,1,7.94120060170216,8.40148009529483,7.43604487583187,5.65802278341779,6.11830227701047,5.15286705754751,0,1995-02-26
499,8,B,tqdhy@cunb.edu,1,1,5.93631454174485,7.11688055041325,5.50355629938733,7.1418361174547,8.3224021261231,6.70907787509718,0,1995-04-11
499,8,B,yewsv@cunb.edu,1,2,8.08855833960967,7.85622227341207,8.36399577148529,6.99965544164177,6.76731937544417,7.27509287351739,0,1994-11-11
499,8,B,emv86@cunb.edu,1,1,2.12308896242172,1.36901264733166,1.6588142891647,2.77162973856906,2.017553423479,2.30735506531204,0,1994-09-09
499,8,B,czzyr@cunb.edu,2,1,7.94660664589676,7.98876145768511,7.83906197974059,7.82816992282203,7.87032473461038,7.72062525666585,0,1994-09-29
499,8,B,ec9er@cunb.edu,2,2,7.64839643333182,7.71625175792799,7.5818590424031,6.15183929446704,6.21969461906321,6.08530190353833,0,1995-01-19
499,8,B,zjalw@cunb.edu,1,1,9.03658473337754,8.40114939897075,8.47862780871555,10.0,9.56931413401717,9.64679254376197,0,1995-03-31
499,8,C,ujobs@cunb.edu,1,1,4.37298687946763,5.17854357491027,4.27457940884646,4.72500608804704,5.53056278348969,4.62659861742588,0,1995-06-17
499,8,C,ufzgh@cunb.edu,1,1,4.64073211229098,5.79588774447021,5.4727170806813,5.00330931703468,6.15846494921391,5.83529428542499,0,1995-01-02
499,8,C,hzubg@cunb.edu,2,1,7.8829854250098,9.06654263643123,8.53483206435614,8.35472004387116,9.53827725529259,9.00656668321749,0,1994-09-03
499,8,C,yajoc@cunb.edu,1,2,4.94329625646006,4.67705656353738,6.62690418910589,3.08287690787869,2.81663721495601,4.76648484052452,0,1994-11-10
499,8,C,2mao9@cunb.edu,1,1,7.08685441525484,6.92493459978904,5.31155613507907,8.94372173530996,8.78180191984415,7.16842345513419,0,1995-06-24
499,8,C,mjqmz@cunb.edu,1,1,8.24807678240979,7.68368467813054,8.53955976649815,6.76188266335134,6.19749055907209,7.05336564743971,0,1995-07-12
499,8,C,ddcon@cunb.edu,2,1,9.04304954438019,8.6443837585907,8.76719476730112,10.0,10.0,10.0,0,1994-10-13
499,8,C,cyjzy@cunb.edu,1,1,7.04283360215271,6.74725497430558,7.68164685890446,5.81715010938797,5.52157148154084,6.45596336613972,0,1995-05-10
499,8,C,kjvmc@cunb.edu,1,1,8.80710994691498,8.73864299810401,7.2010341301272,8.53125461672758,8.46278766791661,6.9251787999398,0,1995-04-15
499,8,C,diil6@cunb.edu,2,2,2.47471303018537,3.61605121466127,3.97561118929442,0.39306820227563,1.53440638675153,1.89396636138469,0,1995-07-08
499,8,C,jvedd@cunb.edu,1,2,7.03441253256828,6.92518978518278,8.27869162521169,5.74971998592583,5.64049723854033,6.99399907856924,0,1994-09-20
499,8,C,3dpqv@cunb.edu,2,1,8.34459483306602,7.71288397079081,8.38984819371001,8.84372330726554,8.21201244499033,8.88897666790952,0,1994-09-12
499,8,C,t0k18@cunb.edu,1,1,8.24116927832717,8.10175836487094,8.50610486120338,9.82803613659677,9.68862522314054,10.0,0,1995-02-22
499,8,C,7mije@cunb.edu,1,1,7.3755967873781,6.78106860077745,8.19908087474099,7.56369268017551,6.96916449357485,8.38717676753839,0,1995-02-28
499,8,C,na2qp@cunb.edu,1,2,6.11282334480684,5.57383435502898,4.90381288811814,6.7472358001883,6.20824681041044,5.5382253434996,0,1995-06-26
499,8,C,ufxqs@cunb.edu,1,1,7.73540616243577,6.85095357078559,6.52422375952325,6.77440341454797,5.88995082289779,5.56322101163545,0,1994-10-31
499,8,C,oh0n3@cunb.edu,1,1,4.73599918653561,3.76462282893552,3.53568121698989,5.10304886561614,4.13167250801605,3.90273089607042,0,1994-12-15
499,8,D,oqthg@cunb.edu,1,1,6.7015434531898,6.66428833458877,6.23585305786065,6.68891395153572,6.65165883293469,6.22322355620657,0,1995-01-19
499,8,D,agnxi@cunb.edu,1,1,7.09839244898974,5.9059750401844,5.73436543638452,8.0317047389103,6.83928733010496,6.66767772630508,0,1994-09-01
499,8,D,txbuc@cunb.edu,2,1,4.16633430707176,3.75796983555798,5.02716667043884,5.52281745834539,5.11445298683161,6.38364982171247,0,1995-01-10
499,8,D,cav0q@cunb.edu,1,1,6.06875731736056,6.42773350035406,6.86725254390023,5.79966647611176,6.15864265910526,6.59816170265143,0,1995-02-15
499,8,D,qguvw@cunb.edu,1,1,6.48786734219439,5.88605327520318,7.22142148192771,5.66845897582451,5.0666449088333,6.40201311555782,0,1995-04-24
499,8,D,iz51i@cunb.edu,1,1,4.7392029098543,3.80788742819155,4.88066907900671,5.53597852837659,4.60466304671384,5.677444697529,0,1995-06-14
499,8,D,wdtru@cunb.edu,1,1,6.49405367244397,8.11128727943067,6.49523367444415,6.89087151092187,8.50810511790857,6.89205151292205,0,1994-12-18
499,8,D,o66sw@cunb.edu,1,1,3.44432946537704,3.47376503852279,3.40813891413704,2.54021053906857,2.56964611221431,2.50401998782857,0,1995-01-23
499,8,D,9hdrx@cunb.edu,1,1,6.86452339694141,7.90668828284605,8.22723172104223,7.72236641348314,8.76453129938778,9.08507473758396,0,1995-08-03
499,8,D,rxf7l@cunb.edu,1,1,2.02355389668731,1.69210247135846,3.05669638467146,3.45159283694766,3.12014141161881,4.48473532493181,0,1994-12-20
499,8,D,hcxlh@cunb.edu,1,1,6.10513301210056,7.51053770834158,7.74579926689665,6.23140652883087,7.63681122507189,7.87207278362695,0,1995-05-01
499,8,D,qhdq3@cunb.edu,2,2,5.0736615732705,4.6175658633394,4.6049438533766,6.49842362790054,6.04232791796943,6.02970590800663,0,1994-11-08
499,8,A,e9whz@cunb.edu,1,1,8.26893775854973,7.92608213229818,8.25886999760536,9.58460350603343,9.24174787978188,9.57453574508906,1,1995-01-06
812,6,A,lqdzf@cunb.edu,1,1,6.9293487088478,5.78536516360034,6.56415071829249,5.82954885438635,4.68556530913889,5.46435086383104,0,1996-10-25
812,6,A,gbavu@cunb.edu,1,2,5.068289171354,4.37627415862781,4.57340525361625,4.91433507553608,4.22232006280989,4.41945115779833,0,1997-05-30
812,6,A,x3dax@cunb.edu,2,1,5.79110615004131,7.47496029969582,6.64817038646245,6.16376776986427,7.84762191951878,7.02083200628541,0,1997-08-28
812,6,A,nezq7@cunb.edu,1,1,7.44390363221973,6.80504752950727,6.95101824890807,7.96883749723057,7.32998139451812,7.47595211391891,0,1996-11-19
812,6,A,ykadf@cunb.edu,1,1,7.92640656848395,8.24455244895959,7.98444953105369,8.40811993332745,8.72626581380309,8.46616289589719,0,1997-03-18
812,6,A,cnrua@cunb.edu,1,2,4.95740484235064,5.284946568992,4.19310143425316,3.69429444966662,4.02183617630798,2.92999104156915,0,1997-08-07
812,6,A,wqutk@cunb.edu,1,1,6.69437490514986,5.46257100551896,7.22213058098726,6.81844958324166,5.58664568361075,,0,1997-01-20
812,6,A,wd1np@cunb.edu,2,2,2.8711114632553,2.52935970431478,3.10997389020683,3.3698755671316,3.02812380819108,3.60873799408313,0,1997-03-06
812,6,A,igk9w@cunb.edu,1,1,7.24154525921246,5.80839288533231,6.54315974023691,6.87608924037134,5.44293686649119,6.17770372139578,0,1997-08-11
812,6,A,dwr6c@cunb.edu,2,1,2.82956444556772,2.83870727886393,3.93539572591841,4.91030611806967,4.91944895136588,6.01613739842035,0,1997-06-11
812,6,A,v1tgi@cunb.edu,1,1,8.21711308632989,7.35627875088726,6.2961076021475,8.1027643360894,7.24193000064677,6.18175885190701,0,1997-01-25
812,6,A,stc51@cunb.edu,1,1,5.84795445003129,5.78531571742661,6.07713586869232,6.7936270928295,6.73098836022482,7.02280851149053,0,1996-12-07
812,6,B,xqivm@cunb.edu,1,1,8.08263169837108,9.54804063311702,9.39561417655012,6.89919256290895,8.36460149765488,8.21217504108798,1,1997-03-15
812,6,B,en9ca@cunb.edu,2,1,8.17164924748038,8.2699943693148,7.7728340188766,10.0,10.0,10.0,1,1997-01-22
812,6,B,j4qqu@cunb.edu,1,1,4.50483055903234,4.40260975739576,5.19731628593646,2.95598207302679,2.85376127139021,3.64846779993091,1,1997-07-20
812,6,B,4psqs@cunb.edu,1,2,5.6872613311098,5.28138169202069,6.26243878317113,8.34099431173113,7.93511467264202,8.91617176379245,1,1996-10-12
812,6,B,ujyrs@cunb.edu,1,1,7.32110914090434,7.84356685695955,6.44915999673092,7.65405673551966,8.17651445157488,6.78210759134625,1,1997-03-10
812,6,B,uryc3@cunb.edu,2,1,5.87776192813452,6.82572842971693,6.9604941236348,6.24517979982093,7.19314630140334,7.32791199532121,1,1996-09-07
812,6,B,mre2f@cunb.edu,1,1,6.64396418510265,7.66203771736733,6.11681623403243,6.98883766941453,8.00691120167921,6.46168971834431,1,1997-05-15
812,6,B,k1hbx@cunb.edu,2,1,7.65900869174134,7.36054221606087,7.35183009850066,7.50408315401558,7.2056166783351,7.1969045607749,1,1996-12-10
812,6,B,kdc82@cunb.edu,2,2,4.27174774092808,3.75074619847535,3.86826648098602,7.20362414781938,6.68262260536666,6.80014288787733,1,1997-03-29
812,6,B,t1k9o@cunb.edu,1,1,8.2692341057255,8.94800090115956,9.64037318505785,9.27344289239358,9.95220968782763,10.0,1,1997-08-23
812,6,B,yqxuv@cunb.edu,1,1,8.73590858492553,8.55719056006074,8.99548852422759,10.0,9.83559382537506,10.0,1,1997-03-07
812,6,C,sgmdn@cunb.edu,2,1,7.68776516929088,6.89198075873596,8.2885969936457,7.92219777533165,7.12641336477674,8.52302959968648,1,1996-12-15
812,6,C,x91kb@cunb.edu,1,1,5.13579391808601,5.82907993746342,5.30387746989148,5.62208794119775,6.31537396057516,5.79017149300322,1,1997-05-29
812,6,C,xg3uu@cunb.edu,1,1,6.65218290440901,7.59310686854809,7.80881123464718,6.22089365947915,7.16181762361823,7.37752198971732,1,1997-07-29
812,6,C,gorl1@cunb.edu,1,1,3.34444817245758,2.28803063087916,2.33967673728994,4.58100337493462,3.52458583335621,3.57623193976698,1,1996-09-10
812,6,C,kjlkd@cunb.edu,1,1,8.77893745138259,8.95467856370793,8.48270723440633,7.59298363588938,7.76872474821472,7.29675341891313,1,1997-01-29
812,6,C,nye4a@cunb.edu,1,1,9.56156840792714,10.0,10.0,10.0,10.0,10.0,1,1997-03-09
812,6,C,ogfja@cunb.edu,1,1,6.02400348268835,6.34876574881761,5.05033924876167,7.00953112261915,7.33429338874841,6.03586688869247,1,1997-05-28
812,6,C,b9i0y@cunb.edu,1,1,7.89578467000095,6.82517831072031,6.07422284593625,7.03012945953438,5.95952310025373,5.20856763546967,1,1997-07-01
812,6,C,9bwse@cunb.edu,1,2,7.20600935230771,7.55312616304302,7.30002612453693,6.57616212765637,6.92327893839169,6.6701788998856,1,1997-02-15
812,6,C,pjbyo@cunb.edu,1,1,8.01090385775391,7.18705994134147,6.71844111207251,8.3550108113374,7.53116689492496,7.06254806565599,1,1997-06-12
812,6,D,92ocn@cunb.edu,1,1,6.14973286414442,5.19559479752478,4.65714977556762,6.5025256519718,5.54838758535217,5.00994256339501,0,1996-12-25
812,6,D,y7k46@cunb.edu,1,1,7.47148546067608,7.50220027895255,7.56015856893344,5.76607676445993,5.79679158273639,5.85474987271728,0,1997-07-25
812,6,D,6qgnx@cunb.edu,1,1,5.29010972262454,4.95166729877797,5.05891008091253,4.08816605609875,3.74972363225218,3.85696641438674,0,1997-06-20
812,6,D,qqy21@cunb.edu,1,1,9.53598152008724,7.96683455399122,9.86834859476309,10.0,8.62053869402881,10.0,0,1997-02-26
812,6,D,rnsog@cunb.edu,1,1,7.91719758430947,7.48694258988355,8.94447984606479,7.04645804824502,6.6162030538191,8.07374031000034,0,1996-10-29
812,6,D,azcp1@cunb.edu,1,1,5.38072259391562,5.3706842376189,5.23298674489275,5.78828820725036,5.77824985095364,5.64055235822749,0,1996-10-13
812,6,D,iwkcl@cunb.edu,1,2,3.3234699925569,3.1056666963895,3.13686200633395,2.46680756660348,2.24900427043607,2.28019958038053,0,1997-07-26
812,6,D,ngsds@cunb.edu,1,1,7.78275621647395,7.73709364246957,6.55689887201793,9.01627975581407,8.97061718180969,7.79042241135805,0,1997-08-29
812,6,D,0vxqs@cunb.edu,1,2,4.17413721556883,4.04492171944227,5.39127390782456,4.97692558737254,4.84771009124598,6.19406227962828,0,1997-08-17
812,6,D,yuott@cunb.edu,2,1,4.94751129377274,6.2020187720993,6.49469350169985,4.29411114811821,5.54861862644477,5.84129335604532,0,1997-05-07
812,7,A,h4lhv@cunb.edu,1,1,9.4385711132574,9.17755017578854,8.6363308076772,8.5447781667668,8.28375722929794,7.7425378611866,1,1996-05-10
812,7,A,eript@cunb.edu,2,2,5.1870045920378,6.12605008273482,4.86521266284496,5.08047148105536,6.01951697175239,4.75867955186252,1,1996-01-17
812,7,A,o8oif@cunb.edu,2,1,5.63637908663271,5.53400747313766,4.59896164409487,6.90552212824666,6.80315051475161,5.86810468570882,1,1996-03-02
812,7,A,raeqx@cunb.edu,1,2,4.19560101190366,4.43634432488836,4.78004773687355,6.47329068511985,6.71403399810456,7.05773741008974,1,1995-10-19
812,7,A,crorr@cunb.edu,1,2,6.1015249212797,4.7446457908082,5.05991668548092,8.23787527541473,6.88099614494323,7.19626703961595,1,1996-03-13
812,7,A,mspzu@cunb.edu,1,1,7.94553659331071,8.61898051422107,9.08865331845376,9.83951193265228,10.0,10.0,1,1995-11-11
812,7,A,1ihqe@cunb.edu,1,2,8.01126056119795,6.91618719140063,8.1113002579845,10.0,9.69167701567744,10.0,1,1996-07-28
812,7,A,h1oms@cunb.edu,1,1,8.03378966241004,8.68301554280194,9.30178889562236,8.31057598533295,8.95980186572484,9.57857521854527,1,1996-03-21
812,7,A,ltpbr@cunb.edu,1,2,5.9614884116386,7.4908383282532,6.18810058326246,8.20901498981201,9.73836490642661,8.43562716143587,1,1995-09-11
812,7,A,noqtz@cunb.edu,1,1,6.95018686997792,5.72889855356043,5.37922268911352,6.39517093865769,5.17388262224021,4.8242067577933,1,1996-05-11
812,7,A,ddxbg@cunb.edu,1,1,8.86990995882115,8.12828791877291,9.86367949508167,9.47741275072857,8.73579071068033,10.0,1,1996-02-19
812,7,A,85uzd@cunb.edu,1,1,8.62888372461078,9.5654396140459,8.37514011240331,9.58264550893668,10.0,9.3289018967292,1,1996-06-27
812,7,A,psoj6@cunb.edu,1,1,5.88402610416816,6.30919022490563,6.0481792623672,5.37122653129448,5.79639065203195,5.53537968949353,1,1996-07-05
812,7,A,vkwmh@cunb.edu,2,1,5.96873535880692,5.56603327546142,5.56587560115255,7.70358035646363,7.30087827311812,7.30072059880926,1,1996-07-24
812,7,A,ug5tp@cunb.edu,1,1,5.85191099307837,4.61869923872279,5.41201023300515,6.16121863809356,4.92800688373798,5.72131787802035,1,1996-04-05
812,7,A,gwpmx@cunb.edu,1,1,5.95491924268821,6.44862204735795,6.93005089454049,7.65448173928288,8.14818454395262,8.62961339113516,1,1996-03-05
812,7,A,mn42s@cunb.edu,1,1,7.46855751261461,7.42903826874096,6.66965760592717,8.39518605345115,8.35566680957749,7.59628614676371,1,1996-07-29
812,7,A,ok3tk@cunb.edu,1,1,8.0301118765589,9.80421616906339,9.29918933171818,6.32594476449801,8.1000490570025,7.59502221965728,1,1995-12-01
812,7,A,ehr8x@cunb.edu,2,1,3.87075347992595,2.75261918063279,4.15402667530816,4.93084882198503,3.81271452269187,5.21412201736724,1,1995-12-26
812,7,B,0pym6@cunb.edu,1,1,8.99699594833002,8.62621563959912,8.0476910360907,9.02413450550223,8.65335419677133,8.07482959326292,1,1996-03-11
812,7,B,nmqk7@cunb.edu,1,1,8.99629326442167,7.46929784815669,7.59046161591918,9.37213571410811,7.84514029784313,7.96630406560561,1,1996-06-18
812,7,B,8as4x@cunb.edu,1,1,5.33854309134459,5.42826503506204,5.6553941377466,4.92867420897711,5.01839615269456,5.24552525537912,1,1995-11-18
812,7,B,hzgcs@cunb.edu,1,1,8.11128570128543,9.34421758296279,7.61363600742383,7.91880317827767,9.15173505995502,7.42115348441606,1,1995-12-17
812,7,B,8yc1q@cunb.edu,1,1,7.19076302339332,6.1951082746406,7.51883902418436,6.40579072536943,5.41013597661671,6.73386672616047,1,1996-03-02
812,7,B,4jkjk@cunb.edu,1,1,4.86900951447718,3.81291633066543,4.46964650801204,4.48624809378248,3.43015490997073,4.08688508731735,1,1996-02-09
812,7,B,ycil4@cunb.edu,1,1,7.09362405506569,6.61043961453858,6.1092256411505,7.56711018103859,7.08392574051148,6.58271176712341,1,1996-07-05
812,7,B,d6tlx@cunb.edu,1,2,8.98867254015214,7.59747728388912,8.83364462629116,7.98285990476023,6.59166464849721,7.82783199089925,1,1995-10-10
812,7,C,dxynj@cunb.edu,1,1,9.05881826686851,8.71500635580338,8.74266474056236,9.58721633082343,9.2434044197583,9.27106280451727,1,1996-07-01
812,7,C,mdzbh@cunb.edu,1,1,8.09866803799756,8.03081272224895,8.32600826452486,8.29679881454941,8.2289434988008,8.52413904107671,1,1996-05-20
812,7,C,jfz93@cunb.edu,2,1,4.4763153324214,5.14341735032696,3.55891691132758,6.03767142668061,6.70477344458618,5.12027300558679,1,1995-10-03
812,7,C,fup5f@cunb.edu,2,1,3.49631404660219,3.32152778438801,3.77817517442206,4.16270053866945,3.98791427645527,4.44456166648932,1,1996-04-09
812,7,C,9hxwg@cunb.edu,1,1,9.26915325950927,9.24621410742498,8.17349207382745,9.67921436360534,9.65627521152105,8.58355317792352,1,1995-12-30
812,7,C,herum@cunb.edu,1,1,6.64854086964951,6.37960247818009,6.01345430390537,6.91708504305929,6.64814665158987,6.28199847731516,1,1995-11-15
812,7,C,giyci@cunb.edu,2,1,8.71641056666394,9.25762407442798,8.1325923414739,7.99483104093983,8.53604454870387,7.41101281574979,1,1996-07-17
812,7,C,p5ole@cunb.edu,2,2,4.36812144511248,4.8317310725605,5.76239516905377,7.72343670560864,8.18704633305666,9.11771042954994,1,1996-06-04
812,7,C,smleo@cunb.edu,1,1,8.72840631853977,7.72480099609309,9.46137885524148,9.52360812946982,8.52000280702315,10.0,1,1996-08-05
812,7,C,nmgj7@cunb.edu,1,1,7.06910854616171,6.38782453156045,7.79709019456959,8.20445292963174,7.52316891503047,8.93243457803961,1,1996-04-03
812,7,C,lf6nv@cunb.edu,1,2,3.38558104427688,4.97988123659201,5.04376179471768,5.21399507080623,6.80829526312137,6.87217582124704,1,1996-02-10
812,7,C,ujwt4@cunb.edu,1,1,9.04686884293874,8.31338833077421,9.35348113105243,10.0,9.42083545454507,10.0,1,1996-08-24
812,7,C,2wfqx@cunb.edu,1,1,9.22379366897592,8.95748739719937,9.85177881300995,10.0,10.0,10.0,1,1996-05-29
812,7,D,bsmjy@cunb.edu,2,1,8.13793741037331,7.92212720179192,8.28632887509845,10.0,9.79456620002377,10.0,0,1996-08-23
812,7,D,azz8s@cunb.edu,1,1,5.70212712301145,6.80381756903807,6.372992589364,5.99403052824032,7.09572097426694,6.66489599459287,0,1995-12-14
812,7,D,ilhie@cunb.edu,2,1,6.49212687670832,5.8069995695131,5.48472962876429,6.21173602106128,5.52660871386606,5.20433877311725,0,1995-10-20
812,7,D,5yyye@cunb.edu,2,1,8.58914162827285,7.83285142577814,8.51443713068591,10.0,9.76305002059165,10.0,0,1996-02-01
812,7,D,zbsws@cunb.edu,1,2,4.669466722786,4.03729755341219,4.88845774720566,4.71863993614949,4.08647076677568,4.93763096056915,0,1996-03-31
812,7,D,jrw0h@cunb.edu,1,1,7.02280266964483,6.91881996821287,7.21713758548396,8.73324157687142,8.62925887543947,8.92757649271056,0,1995-12-31
812,7,D,ukv8d@cunb.edu,2,1,5.90340887965784,6.77604292683453,5.95335578384027,5.23115425831177,6.10378830548846,5.28110116249421,0,1996-05-28
812,7,D,reija@cunb.edu,1,1,9.60278041724035,8.40525293227205,8.20278917595664,7.68859204984319,6.49106456487488,6.28860080855947,0,1996-07-28
812,7,D,fgs6y@cunb.edu,1,1,7.33869303827677,8.64680871804747,7.51366141736079,6.21725736101165,7.52537304078236,6.39222574009567,0,1996-08-12
812,7,D,reo0h@cunb.edu,1,1,7.81567498708981,9.22132451685983,8.83063082064408,8.86627340405279,10.0,9.88122923760706,0,1995-09-15
812,7,D,c9mpl@cunb.edu,1,1,7.740388312239,8.47775812572966,7.9465887028275,5.90111464420514,6.6384844576958,6.10731503479363,0,1996-05-23
812,7,D,tu8sl@cunb.edu,1,2,4.49865986598908,4.49515251029536,5.263689857966,5.38403117033183,5.3805238146381,6.14906116230874,0,1996-02-05
812,7,D,sczxv@cunb.edu,1,1,2.45030478077555,1.98547791146288,2.19625036759848,2.07031206135179,1.60548519203911,1.81625764817472,0,1996-03-11
812,7,D,xz81i@cunb.edu,1,2,7.01784669682769,5.6517030366735,5.4431830624157,9.06514724999199,7.6990035898378,7.49048361558,0,1996-06-02
812,7,D,59hcy@cunb.edu,1,1,7.69715500014524,7.683978063489,7.90947307037811,8.10780829336905,8.09463135671281,8.32012636360191,0,1995-12-10
812,7,D,4orsr@cunb.edu,1,1,2.80528838540902,3.51077474262109,2.1107040180779,2.40402459175663,3.1095109489687,1.70944022442551,0,1996-05-12
812,8,A,4hqjl@cunb.edu,1,1,4.23923113271934,4.06786679039118,4.9604971206781,3.63872772926429,3.46736338693613,4.35999371722305,0,1995-08-09
812,8,A,grryf@cunb.edu,1,1,7.5733826902667,8.62229164102766,7.31091323094162,9.1135718378291,10.0,8.85110237850403,0,1995-07-23
812,8,A,0hioq@cunb.edu,2,1,8.59731676603212,8.08964083796843,8.56250825092672,9.2276989060331,8.72002297796941,9.1928903909277,0,1995-04-21
812,8,A,b0a84@cunb.edu,1,1,6.87075382974486,5.45439190455268,6.50847930219511,8.35329097438048,6.9369290491883,7.99101644683073,0,1995-03-20
812,8,A,elbgl@cunb.edu,2,1,8.83352506868175,8.3000600590334,9.31285012988008,9.3664243011954,8.83295929154705,9.84574936239372,0,1995-05-29
812,8,A,658tw@cunb.edu,1,1,8.06075149334481,6.87381562895586,8.62660148206612,9.26667490494455,8.07973904055561,9.83252489366586,0,1994-11-21
812,8,A,i05rj@cunb.edu,2,1,8.20419623201209,7.92944991040471,8.30414418281484,10.0,10.0,10.0,0,1995-06-29
812,8,A,qtaz2@cunb.edu,1,2,7.17904173740608,6.64081565867601,5.4435544867949,8.81309109431561,8.27486501558553,7.07760384370442,0,1994-12-28
812,8,A,qizaa@cunb.edu,1,1,3.24894856158646,3.20059635732325,2.44928883910181,2.34486052950426,2.29650832524105,1.54520080701961,0,1995-05-25
812,8,A,8uka1@cunb.edu,2,1,7.52341192184034,5.6487816708723,7.26437889194134,8.23622178797346,6.36159153700542,7.97718875807446,0,1994-10-12
812,8,A,cfs6t@cunb.edu,2,1,6.92612474921279,7.68454237512432,6.83521347909354,9.58705361072294,10.0,9.49614234060369,0,1995-03-14
812,8,A,vxb5b@cunb.edu,2,1,9.25445657264234,9.52315010916235,8.28466904669793,9.90703529884366,10.0,8.93724777289924,0,1994-10-27
812,8,A,9bbel@cunb.edu,1,1,8.60528698275303,8.72259506248374,7.63217217512866,10.0,10.0,9.44880497820807,0,1995-07-28
812,8,A,kmvco@cunb.edu,1,1,9.10793516168316,9.47547962179352,10.0,10.0,10.0,10.0,0,1994-09-03
812,8,B,bclnd@cunb.edu,1,1,3.95408734946256,4.24205334146252,4.09672989404505,4.04148178472272,4.32944777672268,4.18412432930521,1,1995-02-19
812,8,B,lcbp2@cunb.edu,1,1,7.16333601318886,8.07220949020823,6.77519488309165,8.56619360184469,9.47506707886406,8.17805247174748,1,1995-04-08
812,8,B,s6bhj@cunb.edu,2,1,6.743639478188,6.39194655344635,6.98299686583504,6.13615038551556,5.7844574607739,6.37550777316259,1,1995-03-19
812,8,B,7zpbg@cunb.edu,1,1,5.67754120922894,4.95080399683923,5.16033268192098,5.30921143313955,4.58247422074984,4.79200290583159,1,1995-06-20
812,8,B,njvnt@cunb.edu,1,1,6.06699805118203,6.58558868261113,6.57370139023348,7.45944969603059,7.9780403274597,7.96615303508205,1,1995-02-18
812,8,B,torfv@cunb.edu,1,1,3.51546724313125,4.18989614057541,4.00279551730678,3.67096788797747,4.34539678542163,4.158296162153,1,1994-09-28
812,8,B,7uzi3@cunb.edu,1,1,7.4661731028478,7.10530340462135,7.3124308807324,7.82605161339869,7.46518191517224,7.67230939128329,1,1994-12-19
812,8,B,otcxn@cunb.edu,1,1,8.17905832535909,7.98107253142954,7.40544102142887,9.07992152841346,8.88193573448391,8.30630422448324,1,1995-07-22
812,8,B,yzyz6@cunb.edu,1,1,7.89347122721773,9.14205150884044,8.13595017902952,8.82870090578713,10.0,9.07117985759892,1,1994-10-25
812,8,B,ld4nm@cunb.edu,1,1,7.76403759843824,7.71194880088014,8.63147614342315,9.76566758357437,9.71357878601627,10.0,1,1995-03-04
812,8,B,o4zem@cunb.edu,1,1,8.35631330103672,8.62409566600865,8.45924130945525,9.19365153411507,9.46143389908701,9.2965795425336,1,1995-01-20
812,8,B,pkiie@cunb.edu,1,2,6.97355763872919,7.39702489765195,8.02602694721726,9.53960513903826,9.96307239796102,99999.0,1,1994-12-12
812,8,B,lsq90@cunb.edu,1,1,8.32426193435839,8.84450920610851,7.89289276381186,9.09555896444347,9.61580623619359,8.66418979389694,1,1994-10-05
812,8,B,rc8gm@cunb.edu,1,1,6.86286397963857,4.95036694441085,5.10259217150604,7.65338508327886,5.74088804805114,5.89311327514633,1,1995-06-08
812,8,B,city4@cunb.edu,2,1,6.27173183407717,5.95690955050372,6.7320704610654,6.88084974962179,6.56602746604834,7.34118837661002,1,1995-07-15
812,8,B,vg8p9@cunb.edu,1,2,8.70541079009488,7.6501897279413,7.64688752491563,10.0,9.70231072142449,9.69900851839882,1,1994-10-09
812,8,B,k6qhi@cunb.edu,1,1,5.48608759803232,4.44262180163991,4.56526255294215,4.99869045834956,3.95522466195714,4.07786541325939,1,1995-03-29
812,8,B,zy3vk@cunb.edu,2,1,4.49766404870035,4.24626990118132,4.64266267641516,4.47226128338559,4.22086713586657,4.61725991110041,1,1995-01-12
812,8,B,6cnug@cunb.edu,1,2,3.09307745930482,3.27674086571414,2.55632219410244,5.93651445278419,6.12017785919351,5.39975918758182,1,1995-07-11
812,8,C,nzivu@cunb.edu,1,1,5.81892054196406,4.7592627205323,6.00848730275366,5.60227039081454,4.54261256938279,5.79183715160415,0,1995-08-09
812,8,C,besj6@cunb.edu,1,2,8.9387358594136,7.4362898654686,8.97716546053157,9.1258653293984,7.62341933545339,9.16429493051637,0,1995-03-30
812,8,C,9xozg@cunb.edu,1,1,7.05931018866504,6.3697740171654,5.97425630191246,8.61849810782327,7.92896193632363,7.5334442210707,0,1994-10-30
812,8,C,y2cqg@cunb.edu,1,1,7.08539185127494,6.96225640097884,6.76569769544778,8.46348985819541,8.3403544078993,8.14379570236824,0,1995-03-08
812,8,C,gdt3t@cunb.edu,1,1,8.52855103799052,10.0,9.7815991380336,7.67320008829293,9.14464905030241,8.92624818833601,0,1994-11-13
812,8,C,sx3ru@cunb.edu,1,2,5.38453267984559,5.55646841465031,4.1297811875539,5.23980743955665,5.41174317436137,3.98505594726496,0,1995-01-18
812,8,C,7wf0x@cunb.edu,1,2,5.44614192739357,5.45816827740748,3.93101803342109,8.27639849068701,8.28842484070092,6.76127459671453,0,1995-02-11
812,8,C,zov45@cunb.edu,1,1,6.71927220879265,6.16002975909182,5.80718956275054,6.62217612888563,6.0629336791848,5.71009348284352,0,1995-07-16
812,8,C,1t2hd@cunb.edu,1,1,6.64258234860888,5.99667512864387,5.94818650844088,6.85609990781211,6.2101926878471,6.16170406764411,0,1995-06-17
812,8,C,d3uhe@cunb.edu,1,1,6.33819936890508,6.67285482142473,7.81874073785151,5.0874372918711,5.42209274439076,6.56797866081754,0,1994-12-10
812,8,C,qfles@cunb.edu,1,1,6.65867709798539,5.49141283344278,7.33768692903021,5.72832407160768,4.56105980706507,6.4073339026525,0,1995-08-03
812,8,C,yohsf@cunb.edu,1,1,2.49750187626823,3.83674014785111,2.87517085351765,2.89474095116062,4.2339792227435,3.27240992841004,0,1995-06-04
812,8,C,yrw1j@cunb.edu,1,1,7.89433525364426,8.6706685414682,8.19630366518673,8.50282050331943,9.27915379114338,8.80478891486191,0,1994-11-22
812,8,D,0wfmz@cunb.edu,1,2,4.8094674989124,5.33160755527291,6.22811896423894,3.1303148449943,3.65245490135482,4.54896631032085,0,1995-08-08
812,8,D,v8dhk@cunb.edu,1,1,7.41781038104418,6.46642516146275,7.2399186362778,7.15981459592445,6.20842937634302,6.98192285115806,0,1995-01-18
812,8,D,kfgns@cunb.edu,1,1,3.5596858156488,4.08743375964618,4.15602138970203,3.3642574425336,3.89200538653098,3.96059301658682,0,1995-07-15
812,8,D,l3xtc@cunb.edu,2,1,6.99746282678824,7.47430853499827,6.60111848917585,6.70505886689213,99999.0,6.30871452927974,0,1995-01-12
812,8,D,wirpo@cunb.edu,1,2,7.80897854145062,6.88192532088053,5.96291892991778,8.02252842200224,7.09547520143215,6.1764688104694,0,1995-03-19
812,8,D,mc84i@cunb.edu,1,1,5.19496851613099,6.14619579271699,6.58643484034861,5.07663449987593,6.02786177646193,6.46810082409355,0,1995-01-03
812,8,D,xvtqo@cunb.edu,2,2,5.39774395539443,5.50228104335274,4.61442556106503,6.66124462251068,6.76578171046899,5.87792622818128,0,1995-04-14
812,8,D,f4mgw@cunb.edu,1,1,8.59638486603709,9.07995108642118,7.25873341585012,9.45918129589796,9.94274751628205,8.12152984571099,0,1995-04-14
881,6,A,vevsy@cunb.edu,1,1,3.29055112722877,3.65741043287876,4.22442531382281,2.91300019634173,3.27985950199173,3.84687438293577,1,1996-10-13
881,6,A,phygu@cunb.edu,1,1,6.17035969173154,5.59220456204927,5.56742820202922,6.07908978580441,5.50093465612214,5.4761582961021,1,1996-10-25
881,6,A,35q5v@cunb.edu,1,1,9.71876191786687,8.18727790677185,8.05017287257324,10.0,9.98467999166439,9.84757495746578,1,1997-02-17
881,6,A,j8aow@cunb.edu,1,1,7.10624983989905,6.2865253620715,6.14735111956756,6.84399717050788,6.02427269268033,5.88509845017639,1,1997-08-23
881,6,A,2auxr@cunb.edu,1,1,8.61551254923829,8.47981172969007,8.42174394504541,8.8844052247255,8.74870440517729,8.69063662053262,1,1997-07-09
881,6,A,danue@cunb.edu,1,1,5.04406197270082,4.28037240909116,4.92489252466412,5.21892174280601,4.45523217919635,5.09975229476931,1,1996-11-26
881,6,A,lm7gb@cunb.edu,1,1,5.21277007818834,5.8494024293931,5.75718057513849,6.7079870965242,7.34461944772895,7.25239759347434,1,1996-10-13
881,6,A,18g2f@cunb.edu,1,1,3.85289971609804,4.9696845275836,4.76169927637297,6.51382478501878,7.63060959650434,7.42262434529371,1,1997-03-18
881,6,A,5aixj@cunb.edu,1,1,7.5456766843609,5.90080590767781,7.29053204169492,6.54284364550937,4.89797286882628,6.28769900284339,1,1997-08-14
881,6,A,glfmd@cunb.edu,1,1,8.58251095233492,7.09704850237823,8.18045980526141,9.00794881416601,7.52248636420933,8.60589766709251,1,1996-09-22
881,6,A,ncdzy@cunb.edu,1,1,7.7327039225843,8.27985263316671,8.4347359973822,7.80958129427039,8.3567300048528,8.51161336906829,1,1997-02-09
881,6,A,ybkmk@cunb.edu,1,2,7.89557266188703,7.68341288063592,6.84919354272924,10.0,10.0,9.28455039754001,1,1996-10-24
881,6,A,y5gvg@cunb.edu,1,1,5.55042875200831,5.49531720314496,4.97214094378375,6.76286163175602,6.70775008289267,6.18457382353146,1,1997-08-27
881,6,A,t6t71@cunb.edu,1,1,8.19576145705095,8.09950755812487,8.11627632469198,7.20559203517422,7.10933813624814,7.12610690281525,1,1996-10-31
881,6,A,singi@cunb.edu,2,1,7.73359208070022,6.58139553927165,7.08252075994667,7.40837483973989,6.25617829831133,6.75730351898635,1,1997-02-27
881,6,A,h34qs@cunb.edu,2,1,5.96657760588482,6.65545181332186,5.90455388890609,5.58182595471876,6.2707001621558,5.51980223774003,1,1996-12-08
881,6,A,xswxm@cunb.edu,1,1,6.53549160150222,8.35603938431821,7.90062718925408,7.04279916521934,8.86334694803533,8.4079347529712,1,1996-12-20
881,6,A,225o9@cunb.edu,1,2,9.29950837521319,9.58436153140356,8.44632796347578,10.0,10.0,9.68043211620081,1,1996-12-24
881,6,A,novhp@cunb.edu,1,1,5.37023041063308,3.8827853425531,5.12423138498648,4.79748267326477,3.31003760518479,4.55148364761817,1,1997-07-19
881,6,B,mms4q@cunb.edu,1,1,5.41501249470868,5.47141774376043,4.35432761586391,4.64958123752932,4.70598648658107,3.58889635868455,0,1997-08-06
881,6,B,k40eo@cunb.edu,1,2,4.55141616595265,3.21547680004787,3.41060838039321,5.71461449045233,4.37867512454755,4.57380670489288,0,1997-06-22
881,6,B,bi9bp@cunb.edu,1,1,5.68155816713277,5.55889292064983,5.07145495669845,5.36709714567419,5.24443189919125,4.75699393523988,0,1997-08-09
881,6,B,rapzt@cunb.edu,1,1,4.65163488142385,6.29701569086133,6.18257475799142,5.63568793172564,7.28106874116312,7.16662780829321,0,1997-08-02
881,6,B,xbirr@cunb.edu,1,1,7.62147543766211,6.94770899881284,6.54397992371257,5.7937909212914,5.12002448244213,4.71629540734185,0,1996-12-19
881,6,B,2xgrs@cunb.edu,1,1,5.74759307049512,5.96978920290544,5.49317468481436,4.7949376267964,5.01713375920672,4.54051924111564,0,1997-02-05
881,6,B,z0xen@cunb.edu,1,1,3.22072445708729,2.70431963415287,2.4813000705599,3.06702087186214,2.55061604892772,2.32759648533475,0,1997-02-11
881,6,B,gxqwn@cunb.edu,1,1,7.2280149980296,6.53512923734603,7.41147805786101,7.18047422346738,6.48758846278381,7.36393728329879,0,1996-09-11
881,6,B,e5npz@cunb.edu,1,1,6.34555227386847,6.64396987001494,6.26559094323859,8.10166597577208,8.40008357191855,8.0217046451422,0,1997-02-27
881,6,B,pfd7a@cunb.edu,1,1,8.06766244692726,9.04648689197375,8.43370322573928,7.83201936073265,8.81084380577913,8.19806013954467,0,1997-03-08
881,6,B,udgjv@cunb.edu,1,2,8.17124412077021,8.70536805138466,8.24446222287145,8.20982582149997,8.74394975211441,8.28304392360121,0,1997-05-08
881,6,B,lo66m@cunb.edu,2,1,5.15731486729541,4.95689285551392,4.34900492434584,2.98561821922325,2.78519620744176,2.17730827627368,0,1997-08-18
881,6,B,zjtpp@cunb.edu,1,1,9.37072278303405,7.8440363847216,9.45143936085826,9.74970748405836,8.22302108574591,9.83042406188257,0,1996-09-11
881,6,C,maxy2@cunb.edu,1,1,8.93041528795816,9.21219815022282,8.9124951170475,10.0,10.0,10.0,1,1997-03-15
881,6,C,6lonw@cunb.edu,1,1,8.02141647940128,8.52087038676812,9.52473948025702,8.37453229834616,8.87398620571301,9.87785529920191,1,1996-11-19
881,6,C,vj9uc@cunb.edu,1,1,6.3315453320375,7.03883177187352,6.19347597757413,5.77036695634335,6.47765339617937,5.63229760187998,1,1997-06-29
881,6,C,jddwh@cunb.edu,1,2,7.86555547192981,8.5817994202516,8.64101511771147,9.44634775158483,10.0,10.0,1,1997-03-31
881,6,C,dzjpn@cunb.edu,1,1,6.33514361762591,6.04392867841907,6.29663679124005,7.70924480200955,7.41802986280271,7.67073797562369,1,1997-02-03
881,6,C,jyj1m@cunb.edu,1,1,6.7768549684348,7.08110996595644,7.61554167027645,7.57096106645239,7.87521606397403,8.40964776829404,1,1996-12-18
881,6,C,fyypd@cunb.edu,1,2,2.77531489456169,2.16259462345488,1.74563010554857,4.76390464233306,4.15118437122625,3.73421985331994,1,1997-08-19
881,6,C,pnl7g@cunb.edu,2,1,7.56550317201858,7.74857656275948,7.471556143743,7.3212359535945,7.5043093443354,7.22728892531892,1,1996-11-30
881,6,C,phkyg@cunb.edu,1,2,5.42679304276655,5.42720068126047,5.50022306545699,7.48062091876822,7.48102855726214,7.55405094145866,1,1997-01-31
881,6,C,ayycq@cunb.edu,1,1,6.27891759075777,7.14917801194445,7.73087157741741,7.04824438773984,7.91850480892653,8.50019837439949,1,1997-01-17
881,6,D,lt2j8@cunb.edu,1,1,7.97327995724539,8.04893372958089,9.09771438320662,8.92719798668568,9.00285175902118,10.0,1,1997-07-18
881,6,D,sfbpa@cunb.edu,1,2,7.6802969708414,7.49971686567451,7.7636818898217,10.0,10.0,10.0,1,1997-05-05
881,6,D,tfiyr@cunb.edu,2,1,5.90371149718053,5.65150941335819,5.26101884790919,6.66542770950737,6.41322562568503,6.02273506023603,1,1997-04-17
881,6,D,ckqsk@cunb.edu,1,1,4.31045418576141,4.00258871697624,4.83768225478743,4.77305491155378,4.46518944276861,5.3002829805798,1,1997-04-21
881,6,D,hhisv@cunb.edu,1,1,6.54374777791333,7.1468197566947,7.72646075613108,8.68199448185753,9.28506646063891,9.86470746007528,1,1996-10-02
881,6,D,zsrpm@cunb.edu,1,1,8.80592324658381,9.4973135779527,8.97600012532519,8.77277118963582,9.46416152100471,8.9428480683772,1,1997-06-19
881,6,D,wj8qq@cunb.edu,1,1,6.1587836347959,6.9899318401209,7.96844228277644,7.7417046518264,8.5728528571514,9.55136329980694,1,1997-07-22
881,6,D,robbh@cunb.edu,1,1,6.35887032821981,6.5493335517144,6.8347271990983,6.86841115680833,7.05887438030292,7.34426802768682,1,1996-12-17
881,6,D,deybq@cunb.edu,2,1,9.0940296143042,9.66477961705346,9.23758299283032,9.88102816367957,10.0,10.0,1,1996-12-16
881,6,D,o7fbu@cunb.edu,1,1,9.96677766038674,9.58616598552662,9.58244855559068,9.41214765588678,9.03153598102666,9.02781855109073,1,1996-09-22
881,6,D,lccfq@cunb.edu,1,1,7.55117551004243,7.51857069087875,8.53495588106764,7.91182717171538,7.8792223525517,8.89560754274058,1,1996-10-07
881,6,D,ntx9m@cunb.edu,1,1,5.7056941480452,6.38396722703071,5.95549726971256,7.40711314330005,8.08538622228556,7.6569162649674,1,1996-12-04
881,7,A,pm1p8@cunb.edu,1,1,1.24759346020552,1.26252846286776,2.70920926385703,0.415646542022708,0.430581544684949,1.87726234567422,0,1995-09-11
881,7,A,vn0hr@cunb.edu,2,1,6.62349878363744,7.2139360948509,6.68028324908078,8.73278998643108,9.32322729764454,8.78957445187442,0,1995-12-01
881,7,A,ug87v@cunb.edu,1,1,6.05808466970251,6.71523358457983,5.29549311864452,6.23481658632495,6.89196550120227,5.47222503526695,0,1996-03-09
881,7,A,5txbl@cunb.edu,1,1,6.17554756959072,7.69781674125335,6.1994205741874,8.22667495486399,9.74894412652661,8.25054795946067,0,1995-12-10
881,7,A,nd8l0@cunb.edu,1,1,8.64037619999323,9.18638352074374,10.0,6.48094819051485,7.02695551126535,7.84057199052161,0,1996-02-26
881,7,A,hm4np@cunb.edu,1,2,7.58914965471705,7.19389495892903,8.08050154230079,7.77810028145498,7.38284558566696,8.26945216903872,0,1996-01-16
881,7,A,lfx0l@cunb.edu,1,2,5.88824817683539,6.87128010164937,7.44312618073067,5.91113932974531,6.8941712545593,7.4660173336406,0,1996-08-29
881,7,A,doode@cunb.edu,1,1,8.66625958643985,8.80756632061806,8.18423495963347,7.09265823713409,7.2339649713123,6.61063361032771,0,1995-09-13
881,7,A,of4er@cunb.edu,1,1,7.01569001162543,6.806896230859,7.9722807176423,7.76452735853958,7.55573357777315,8.72111806455645,0,1996-06-06
881,7,A,0am2b@cunb.edu,1,1,5.6997493119756,5.5482380921798,5.15703881400025,5.62030179957513,5.46879057977934,5.07759130159978,0,1995-11-24
881,7,A,t2ehq@cunb.edu,1,1,7.838501508527,7.99448486435463,7.40620568272894,9.12735332730235,9.28333668312998,8.69505750150429,0,1995-10-19
881,7,A,vsphx@cunb.edu,1,1,6.50489975012176,5.60971500038437,5.97937015502982,4.43866414908711,3.54347939934973,3.91313455399517,0,1995-12-15
881,7,A,zpf8o@cunb.edu,1,1,7.24971672976078,8.68757551433207,7.8008475717126,7.30420942402558,8.74206820859687,7.8553402659774,0,1995-12-18
881,7,A,hjbwz@cunb.edu,1,2,8.87258203679707,8.07209574084741,7.40931991932925,9.28115854326186,8.48067224731219,7.81789642579404,0,1996-04-19
881,7,B,lhdas@cunb.edu,1,1,5.14203213565118,4.80817607408456,4.2222647503025,5.65665925321889,5.32280319165227,4.73689186787021,1,1996-05-08
881,7,B,simcx@cunb.edu,1,1,7.08505485081522,6.97472316087631,7.20126775061188,6.74629475736378,6.63596306742487,6.86250765716044,1,1995-09-13
881,7,B,kptra@cunb.edu,2,1,7.9916695457384,8.17859316463247,7.27221177224666,9.62824516086536,9.81516877975943,8.90878738737362,1,1996-05-31
881,7,B,vshda@cunb.edu,2,2,5.72267896732839,6.47150492625835,6.69391600372793,6.76254995486349,7.51137591379345,7.73378699126304,1,1995-12-31
881,7,B,j611h@cunb.edu,2,1,4.96464242367799,5.42437022832016,4.10469221836681,3.15575392759128,3.61548173223345,2.2958037222801,1,1996-01-02
881,7,B,n1oxo@cunb.edu,1,1,6.30963544126818,7.2577789346523,6.67239334292927,6.42221435386988,7.37035784725401,6.78497225553098,1,1996-03-24
881,7,B,bxz4w@cunb.edu,1,2,9.2846465308492,8.56048602678747,9.10496586116896,10.0,9.28660815684129,9.83108799122278,1,1995-12-26
881,7,B,0nh64@cunb.edu,1,1,3.62100684188515,4.82750411389605,3.86489679442928,5.16576502749479,6.37226229950569,5.40965498003892,1,1996-08-11
881,7,B,gnbee@cunb.edu,1,1,5.07384699282893,5.45322050133446,5.66488847860792,6.43516074602863,6.81453425453415,7.02620223180762,1,1996-03-07
881,7,B,xhois@cunb.edu,1,1,7.22270766655318,7.44406654090024,7.64700928246937,99999.0,7.35398748594476,7.55693022751389,1,1996-01-12
881,7,B,dak3r@cunb.edu,1,1,6.04640769062921,5.9333020205459,5.53946938401446,7.991338367569,7.87823269748569,7.48440006095425,1,1996-05-05
881,7,B,fdki3@cunb.edu,1,2,5.8095730165632,5.8810970792228,5.80561156986817,6.40949889414749,6.48102295680708,6.40553744745246,1,1996-01-08
881,7,B,ixoyn@cunb.edu,1,1,7.92484781751694,7.09642190113948,7.23586414754675,8.37232880661195,7.5439028902345,7.68334513664177,1,1996-01-31
881,7,B,rugqk@cunb.edu,1,1,4.53386843935425,4.83845923966567,4.58346628383572,4.23034119919134,4.53493199950275,4.2799390436728,1,1996-07-25
881,7,B,j3zxj@cunb.edu,2,1,8.47482686363101,8.36384880509168,8.04055886356101,9.30693424034201,9.19595618180268,8.87266624027201,1,1996-02-26
881,7,B,izels@cunb.edu,1,1,6.3434156134867,5.40556127644636,5.64713387583875,6.11827818856238,5.18042385152205,5.42199645091443,1,1996-08-18
881,7,C,fgmja@cunb.edu,1,1,8.40494351985486,7.81908597948583,8.4747802588399,8.18015740158339,7.59429986121436,8.24999414056842,0,1996-06-21
881,7,C,e2fta@cunb.edu,2,1,8.64339293991258,8.67398312254851,7.72321664341768,8.3289288150983,8.35951899773424,7.4087525186034,0,1996-02-01
881,7,C,dlifb@cunb.edu,1,1,8.37728607000592,8.92904562640744,8.68285264072749,8.84975804256036,9.40151759896188,9.15532461328193,0,1996-08-28
881,7,C,sz0xs@cunb.edu,1,1,6.50103189454822,7.66277433264477,7.64814759402944,7.915343566877,9.07708600497355,9.06245926635822,0,1996-06-05
881,7,C,qtujb@cunb.edu,1,2,2.66885363229935,2.48719571776141,2.72184020712425,2.71659228421146,2.53493436967352,2.76957885903636,0,1995-12-14
881,7,C,tcxhy@cunb.edu,1,1,9.15920963931814,10.0,9.54400983408079,8.86599207866996,9.70678243935181,9.2507922734326,0,1996-07-09
881,7,C,fqrmk@cunb.edu,2,1,8.32523354500695,7.71964948097407,8.72930615334003,8.1336271968433,7.52804313281042,8.53769980517638,0,1996-04-24
881,7,C,tcah7@cunb.edu,1,2,8.33952150987886,7.92008113284088,8.52218420925043,8.14741615106874,7.72797577403077,8.33007885044032,0,1996-04-29
881,7,C,riadt@cunb.edu,1,1,6.4970172087338,6.86534151459599,7.05678571179995,8.26797154245677,8.63629584831895,8.82774004552292,0,1996-03-02
881,7,C,hsccr@cunb.edu,2,1,6.69501436361221,6.01562052824644,5.63662257650046,7.90221086581682,7.22281703045104,6.84381907870506,0,1996-06-03
881,7,C,cwmjq@cunb.edu,1,1,5.97567129388838,6.52206236983104,6.03105574680878,8.20808323027639,8.75447430621905,8.2634676831968,0,1996-02-15
881,7,C,zgxep@cunb.edu,1,1,7.34050077200271,6.42276331084184,7.26089536911212,7.35370521595664,6.43596775479577,7.27409981306605,0,1996-02-13
881,7,D,0piln@cunb.edu,1,2,8.30996464380106,7.69617677713787,6.96681406070521,9.3773707372908,8.76358287062761,8.03422015419495,1,1996-03-02
881,7,D,ahvov@cunb.edu,2,1,9.02854002825094,7.99216035706101,8.06898276600165,8.93175793119093,7.895378260001,7.97220066894164,1,1996-02-22
881,7,D,ecxb3@cunb.edu,2,1,6.39072670768298,5.83643894763015,5.90567627203933,6.40469274440632,5.85040498435349,5.91964230876268,1,1995-09-21
881,7,D,tyeqs@cunb.edu,1,1,8.12015803453018,8.16600453356717,8.4531302095062,7.27677959453036,7.32262609356736,7.60975176950638,1,1995-10-06
881,7,D,sb4ar@cunb.edu,1,2,5.54742487653524,4.32209433702186,5.42170868528441,7.57831919612771,6.35298865661433,7.45260300487688,1,1996-01-26
881,7,D,uzugm@cunb.edu,2,1,7.79833205558489,8.3480482963113,7.99883410615976,8.84048248981411,9.39019873054052,9.04098454038897,1,1996-04-24
881,7,D,4v7st@cunb.edu,2,1,7.07016371473852,7.04530131494808,7.8363725589979,5.35573139586467,5.33086899607424,6.12194024012405,1,1995-12-05
881,7,D,fv38h@cunb.edu,1,1,4.39037941701477,5.02709114297991,4.77779357300838,5.06483929773886,5.701551023704,5.45225345373247,1,1995-10-29
881,7,D,zr3vk@cunb.edu,1,1,3.89798865046319,5.08390248937499,4.55753211395782,4.4060192387555,5.5919330776673,5.06556270225013,1,1996-01-19
881,7,D,i7ghp@cunb.edu,2,1,8.05573823567881,7.096381733049,7.88562678996875,7.44852818947215,6.48917168684233,7.27841674376209,1,1996-04-22
881,7,D,pnbtj@cunb.edu,1,1,7.64697252868581,6.31801562200207,7.01206439643073,9.93688192824682,8.60792502156307,9.30197379599174,1,1995-12-27
881,7,D,fc77q@cunb.edu,1,1,7.84798101787648,8.55680959378561,9.03495416497073,5.6344265607579,6.34325513666704,6.82139970785215,1,1995-11-29
881,7,D,jox8e@cunb.edu,2,1,7.14524293393394,6.42375002038231,7.62613755306726,7.93240817684195,7.21091526329033,8.41330279597528,1,1996-04-18
881,8,A,ews78@cunb.edu,1,1,8.80515786121255,8.16745629627844,9.78177447710773,8.79918263161576,8.16148106668165,9.77579924751094,0,1994-12-02
881,8,A,ggmmr@cunb.edu,1,2,8.18849866964712,7.75819173442988,8.73349915851696,8.27594585843557,7.84563892321834,8.82094634730542,0,1995-08-15
881,8,A,w6w4n@cunb.edu,1,1,8.04070778605265,7.35871535348443,8.348361156366,9.10058264030285,8.41859020773463,9.4082360106162,0,1995-04-19
881,8,A,cridd@cunb.edu,1,2,6.09262932514881,5.84310576742624,6.70694677395856,7.48702250027521,7.23749894255264,8.10133994908495,0,1995-01-02
881,8,A,vaj9x@cunb.edu,1,1,7.18529318484421,6.30364063360671,7.71500700457896,6.11458918618738,5.23293663494989,6.64430300592213,0,1995-05-07
881,8,A,6tjo7@cunb.edu,1,1,4.70862179770945,4.03046026835097,3.74941450692592,3.8437123656686,3.16555083631012,2.88450507488507,0,1994-11-10
881,8,A,fh3h9@cunb.edu,1,1,5.68533873903657,5.44995435253809,4.36239433773885,6.60369616725504,6.36831178075656,5.28075176595733,0,1995-04-13
881,8,A,b25qn@cunb.edu,2,2,7.05099333641588,7.06849358701615,5.2362454431644,7.99941777828425,8.01691802888453,6.18466988503277,0,1994-12-19
881,8,A,ir6rt@cunb.edu,1,2,6.69344494650125,5.49356707623213,5.66495884321615,7.72585271110038,6.52597484083126,6.69736660781528,0,1995-08-10
881,8,A,icyba@cunb.edu,1,1,8.37035292135901,8.49511186993099,7.72630590461544,10.0,10.0,9.71253675722414,0,1995-08-08
881,8,B,ik1nv@cunb.edu,1,1,8.36383279200279,7.82065810981773,7.5351611307972,8.84565976870123,8.30248508651618,8.01698810749564,0,1995-07-21
881,8,B,wzzmv@cunb.edu,1,1,7.74759795729319,7.24996389707799,8.39706601927305,7.72148333177005,7.22384927155485,8.37095139374991,0,1995-04-07
881,8,B,vuskc@cunb.edu,1,1,8.64030736144065,9.2657649341914,8.29675514269053,8.96870355529374,9.59416112804449,8.62515133654362,0,1995-01-30
881,8,B,yimrw@cunb.edu,2,2,4.47622491594738,5.11910835456437,5.58383429598397,5.86876871199233,6.51165215060932,6.97637809202893,0,1994-11-07
881,8,B,jq47y@cunb.edu,2,1,6.42814095832679,5.66886574032056,5.15951974971491,6.78875238334524,6.02947716533901,5.52013117473336,0,1994-12-04
881,8,B,39a9k@cunb.edu,1,1,8.55538800233364,8.07799897869437,8.59148625345289,7.33497255404561,6.85758353040635,7.37107080516486,0,1995-01-03
881,8,B,morwr@cunb.edu,1,2,3.90480950676504,3.90061127316806,4.60108804438863,3.12691531058327,3.12271707698629,3.82319384820685,0,1995-07-01
881,8,B,wefjh@cunb.edu,1,1,4.96915712869726,3.27199903699569,4.51437796290032,6.67157523329168,4.97441714159012,6.21679606749475,0,1995-05-16
881,8,B,yim0i@cunb.edu,1,1,6.66611572364803,6.07248756671782,7.07364929849739,6.79394027203348,6.20031211510327,7.20147384688285,0,1995-03-21
881,8,B,40nvy@cunb.edu,1,1,3.74883271264753,4.79850642452857,5.09915118408298,1.85943434711768,2.90910805899872,3.20975281855313,0,1994-11-09
881,8,B,hcpsl@cunb.edu,1,1,7.26047682608301,8.41157437055195,8.18354441025118,7.39617927606217,8.54727682053111,8.31924686023034,0,1995-03-19
881,8,B,vkpyb@cunb.edu,2,1,6.99821588241537,6.62090711140115,7.17492723216344,8.20540394658652,7.82809517557231,8.3821152963346,0,1994-11-29
881,8,C,xulpg@cunb.edu,1,1,7.24463854382459,8.52016153211418,8.01012130059946,7.13722981655495,8.41275280484454,7.90271257332982,0,1995-01-02
881,8,C,dqafh@cunb.edu,1,1,6.1939782342868,4.71133849266862,4.9609009857284,5.43167722032933,3.94903747871115,4.19859997177093,0,1995-03-22
881,8,C,zbmac@cunb.edu,1,1,5.86634974337562,5.62871354834556,6.36006549110084,5.46782473469737,5.2301885396673,5.96154048242258,0,1995-01-31
881,8,C,mutpb@cunb.edu,1,1,3.86434867668431,5.48022441721987,4.71549428037834,3.69752463844822,5.31340037898378,4.54867024214224,0,1994-12-10
881,8,C,i76vg@cunb.edu,1,1,4.89633545773812,4.10442672326007,4.32178280810603,4.69210948012315,3.9002007456451,4.11755683049106,0,1995-05-15
881,8,C,piikz@cunb.edu,1,2,7.2133116126988,5.99874959150291,6.10316905807666,8.20889585016501,6.99433382896912,7.09875329554287,0,1994-12-11
881,8,C,x0wql@cunb.edu,1,1,7.94174172711084,8.54227855271185,8.93113547871346,8.73943342461715,9.33997025021817,9.72882717621977,0,1995-07-05
881,8,C,551k5@cunb.edu,1,1,5.50310627508255,6.97660123694035,5.87932394069897,5.48692407767131,6.96041903952911,5.86314174328773,0,1995-08-21
881,8,C,lm7zn@cunb.edu,1,1,5.13303502176008,4.62580717906407,5.1841752989409,3.64766411751935,3.14043627482334,3.69880439470017,0,1995-05-19
881,8,D,1gkn2@cunb.edu,1,1,4.71287226457847,4.04287960487185,5.29136433745502,5.55988502077073,4.88989236106411,6.13837709364728,1,1995-08-24
881,8,D,lntso@cunb.edu,2,1,5.32104142415962,3.61098001604593,5.20662977859071,5.25056226247917,3.54050085436548,5.13615061691026,1,1995-05-12
881,8,D,f6alp@cunb.edu,1,1,7.78817550587739,8.74714925308983,7.50414642487924,7.17890123770493,8.13787498491737,6.89487215670678,1,1995-05-24
881,8,D,tp0ih@cunb.edu,1,1,7.42201055817546,6.9821404199885,8.91580372674631,7.66833494692444,7.22846480873747,9.16212811549528,1,1995-03-05
881,8,D,yeug2@cunb.edu,1,1,5.73902974994843,5.18401082390909,6.18820935878893,5.33523544267535,4.78021651663602,5.78441505151585,1,1995-04-20
881,8,D,mc4qm@cunb.edu,1,1,9.27887084789855,9.40137863613946,9.08370378975106,8.88329248626982,9.00580027451073,8.68812542812233,1,1994-10-11
881,8,D,poj0i@cunb.edu,1,1,6.91090981606028,5.54865544978164,5.36110560027517,6.89950743988816,5.53725307360951,5.34970322410304,1,1995-05-20
881,8,D,sikhe@cunb.edu,1,2,6.64392737971182,4.95584451054717,6.28030393851484,7.46173888095584,5.7736560117912,7.09811543975886,1,1995-05-11
881,8,D,5mbrn@cunb.edu,1,1,6.48636886007359,7.71783045069521,7.74445271440989,8.62248854669315,9.85395013731477,9.88057240102944,1,1995-02-13
881,8,D,jd6d8@cunb.edu,1,1,7.07050910591938,6.93125536152952,7.97335930028789,8.2081335452861,8.06887980089624,9.11098373965461,1,1995-01-18
881,8,D,sp4gg@cunb.edu,1,1,8.34087737632536,8.03534885758155,8.02740090462931,7.54480566439313,7.23927714564932,7.23132919269708,1,1995-05-17
881,8,D,4w5ae@cunb.edu,1,1,4.47829091711895,5.53507314086886,5.42373194522218,4.7982606375383,5.8550428612882,5.74370166564153,1,1994-10-04
881,8,D,bbpya@cunb.edu,1,1,5.42089413845061,6.29429617238312,5.98474703629582,3.90519019641086,4.77859223034336,4.46904309425606,1,1995-07-07
946,6,A,j0ihp@cunb.edu,1,1,6.99813682337376,8.50070051181214,7.00253166894513,4.91428983058943,6.41685351902781,4.9186846761608,1,1997-07-14
946,6,A,4czcd@cunb.edu,1,1,4.97706897449039,4.29785489602305,4.95167814925604,6.25429252368399,5.57507844521665,6.22890169844963,1,1997-01-03
946,6,A,zfojx@cunb.edu,1,1,7.58753855539898,7.2558038389724,6.97489582946936,7.54376159159085,7.21202687516427,6.93111886566124,1,1996-11-24
946,6,A,x0woi@cunb.edu,1,1,6.63813459017864,7.90269249893344,7.4232058751545,7.2589272927947,8.5234852015495,8.04399857777056,1,1996-11-13
946,6,A,8vmwt@cunb.edu,1,1,10.0,10.0,8.39982567859466,9.68916082397618,9.68916082397618,8.08898650257085,1,1997-04-27
946,6,A,40vlq@cunb.edu,1,1,5.69880876108429,5.91839532344959,6.60126002622194,5.5683769386725,5.78796350103779,6.47082820381014,1,1996-09-30
946,6,A,aq5p9@cunb.edu,2,2,4.68711417154043,4.18750067320287,5.22092016492605,4.91188218032846,4.41226868199089,5.44568817371407,1,1997-07-07
946,6,A,bsorp@cunb.edu,1,1,5.48699279945571,4.11767109833885,5.47195727216307,3.80542910469997,2.43610740358311,3.79039357740733,1,1996-12-26
946,6,A,sfjf0@cunb.edu,1,1,4.66361632710377,4.6458134488208,5.20191099867279,5.9726813925508,5.95487851426783,6.51097606411982,1,1997-02-14
946,6,A,n5byy@cunb.edu,1,1,6.41604940940066,7.87585658135264,7.77955007573961,7.311219529858,8.77102670180998,8.67472019619695,1,1997-04-09
946,6,A,j9ny8@cunb.edu,1,1,9.97224442978393,8.16879188493829,9.1987421763223,10.0,8.90520830532556,9.93515859670957,1,1997-06-14
946,6,A,dzj5k@cunb.edu,1,1,7.23833757904905,8.52580738752696,7.87082841699559,7.94483379301718,9.23230360149509,8.57732463096372,1,1997-08-11
946,6,A,nu5qz@cunb.edu,1,1,6.23954568207789,7.32071648035723,7.31937697958726,5.00705613240972,6.08822693068907,6.0868874299191,1,1997-06-18
946,6,A,ia2un@cunb.edu,1,2,4.42009986036569,4.68453829300702,3.20844697657153,3.97671849093573,4.24115692357706,2.76506560714157,1,1997-01-09
946,6,A,9nn1c@cunb.edu,1,1,3.25335625064372,3.65561832458525,4.65070228575542,2.82259627974744,3.22485835368896,4.21994231485913,1,1997-03-23
946,6,A,84tjh@cunb.edu,1,1,8.3865577443881,7.55195014135968,6.734339117576,7.71853914256795,6.88393153953954,6.06632051575585,1,1997-03-23
946,6,A,qqduq@cunb.edu,1,2,5.14214460365668,6.77291949093536,6.46405621152565,5.37915084466491,7.00992573194359,6.70106245253388,1,1996-12-19
946,6,A,k1o6u@cunb.edu,1,1,7.60076966002739,7.12843074888147,8.507333749497,8.33668834491724,7.86434943377131,9.24325243438685,1,1996-11-07
946,6,A,m7stq@cunb.edu,1,1,7.54811631070696,7.54778722275295,9.00192273848005,8.1440553865807,8.14372629862669,9.59786181435379,1,1997-01-19
946,6,B,jh3uh@cunb.edu,1,1,9.44556522340717,9.29607905744778,9.49565305951254,10.0,9.85101661748748,10.0,0,1996-09-25
946,6,B,v5egg@cunb.edu,1,1,7.18191759582016,7.29859754364345,6.72139021489176,6.13551270577042,6.25219265359371,5.67498532484203,0,1997-05-31
946,6,B,v6sxe@cunb.edu,1,1,8.72534418502032,9.5444968903917,9.36402091686754,9.95335473062418,10.0,10.0,0,1997-04-21
946,6,B,kdiz0@cunb.edu,1,2,6.74979017987239,7.15458997092533,5.96177748670193,8.59795543500971,9.00275522606264,7.80994274183925,0,1997-04-29
946,6,B,iteuk@cunb.edu,1,2,6.3765857183855,6.74239471568874,7.85361864385343,5.8471058615741,6.21291485887735,7.32413878704204,0,1997-05-25
946,6,B,wqj6o@cunb.edu,1,1,4.79962299288221,4.63019695728056,3.88622125367604,4.08523093395466,3.91580489835302,3.1718291947485,0,1996-09-19
946,6,B,mgpbi@cunb.edu,1,1,6.23713183366877,6.06641288764027,5.40220896211636,4.93578600215861,4.76506705613011,4.1008631306062,0,1997-06-04
946,6,B,kw0h4@cunb.edu,1,1,6.77888496315241,6.99917191920936,7.44694075549156,5.62560369525771,5.84589065131466,6.29365948759686,0,1996-12-20
946,6,B,sdlxz@cunb.edu,1,1,6.21347222631214,7.18466528798802,7.59819792039109,7.44174341300919,8.41293647468507,8.82646910708814,0,1996-10-12
946,6,B,q23nl@cunb.edu,1,1,7.65376602956486,7.85725365211648,8.00549837206882,8.64303187834598,8.8465195008976,8.99476422084994,0,1997-05-16
946,6,B,8ttwx@cunb.edu,1,1,7.65126533338046,7.5702929827123,6.96268946209169,8.3943551553705,8.31338280470234,7.70577928408173,0,1996-10-05
946,6,C,vemwx@cunb.edu,1,1,8.97767077558897,8.57913780291788,8.22424542610757,8.84836626039203,8.44983328772094,8.09494091091062,1,1997-03-27
946,6,C,xslur@cunb.edu,1,1,8.75742552063843,9.29337169469749,8.37102940592398,9.26643350092179,9.80237967498085,8.88003738620734,1,1996-12-28
946,6,C,jrn2j@cunb.edu,1,1,9.12229239626165,8.54392844682868,8.55590892734314,9.04707394306825,8.46870999363528,8.48069047414974,1,1997-08-01
946,6,C,edxgh@cunb.edu,2,1,6.62441219677784,8.0584789846056,8.21305650015929,7.92121629093113,9.35528307875889,9.50986059431257,1,1996-12-25
946,6,C,wiudy@cunb.edu,1,1,8.85572709106359,8.5044199350335,9.2827308951922,9.75853316672217,9.40722601069208,10.0,1,1997-04-14
946,6,C,sygvb@cunb.edu,1,2,8.21318833144066,7.60490063098874,8.10783022908178,7.90143448929983,7.29314678884792,7.79607638694095,1,1996-09-10
946,6,C,yofqa@cunb.edu,2,1,7.69893503795926,7.7040673084705,6.33182263142977,7.37321341513376,7.378345685645,6.00610100860428,1,1997.03.09
946,6,C,bh6on@cunb.edu,1,2,6.29572357215376,5.82269147854687,5.74858640671165,7.02408301998324,6.55105092637635,6.47694585454113,1,1997-02-11
946,6,C,puw1k@cunb.edu,1,1,6.30096033324662,4.47689728222031,5.6035294012836,7.39036796043205,5.56630490940573,6.69293702846902,1,1997-04-23
946,6,C,ra7mm@cunb.edu,1,2,6.38486235140535,6.67434484016794,5.85380861413377,8.62046312056173,8.90994560932432,8.08940938329015,1,1997-02-22
946,6,C,cxomc@cunb.edu,1,2,5.8837075972425,5.81756053943729,4.35767514244264,7.52814150434901,7.4619944465438,6.00210904954915,1,1997-06-24
946,6,C,vvocq@cunb.edu,2,1,5.77704359621401,6.54597316945563,5.53763974488373,5.7305321060503,6.49946167929192,5.49112825472002,1,1996-10-14
946,6,D,updmd@cunb.edu,1,1,5.44808008202516,6.2464270643627,5.60627212382087,5.58132320915412,6.37967019149165,5.73951525094982,1,1996-12-09
946,6,D,qsca5@cunb.edu,1,1,8.06651958001406,8.16504861058296,9.47090669272096,8.01022751777037,8.10875654833926,9.41461463047727,1,1996-09-27
946,6,D,g0gsp@cunb.edu,1,1,7.27020064448532,6.13068495397981,6.63418035568264,8.53663182239034,7.39711613188484,7.90061153358766,1,1997-03-16
946,6,D,hjn3w@cunb.edu,2,1,7.36501864029099,7.06996844533835,6.41694720752541,8.62953115541851,8.33448096046587,7.68145972265293,1,1996-09-23
946,6,D,ecazb@cunb.edu,1,1,5.97804600865566,7.42314457175308,6.67427207696238,5.09718255680438,6.5422811199018,5.7934086251111,1,1997-04-28
946,6,D,j9avv@cunb.edu,1,2,9.32491624975912,9.2509398243051,8.54166872628368,9.58489440090915,9.51091797545513,8.80164687743371,1,1997-05-26
946,6,D,rhj5x@cunb.edu,2,1,6.9531485286554,6.81408786047377,7.7361397521583,7.28681477367011,7.14775410548849,8.06980599717302,1,1997-01-30
946,6,D,nsgh0@cunb.edu,1,1,6.88243499366533,6.7397611198571,6.31512206668001,7.10216901704323,6.959495143235,6.53485609005791,1,1997-03-23
946,6,D,cpnpz@cunb.edu,1,1,9.24048208582692,7.56583956393891,8.66268414163508,9.43704270129941,7.76240017941139,8.85924475710756,1,1997-01-29
946,6,D,mzank@cunb.edu,1,1,9.64352647968527,8.08376264301088,9.04846483197954,9.16687265485114,7.60710881817675,8.5718110071454,1,1997-07-21
946,7,A,4wnit@cunb.edu,1,1,6.06992630846859,5.23725688597248,5.95736511517377,6.91956078681125,6.08689136431514,6.80699959351643,1,1996-02-20
946,7,A,sktks@cunb.edu,1,1,5.64549597708292,5.2109948162154,7.17278977326832,5.28800784295818,4.85350668209067,6.81530163914358,1,1996-01-22
946,7,A,ufurz@cunb.edu,1,2,4.78558780453581,4.18483250183467,5.1388922307216,7.03732824530825,6.4365729426071,7.39063267149403,1,1996-08-12
946,7,A,vahty@cunb.edu,1,2,5.92179703733756,5.24173978970258,5.90643579440994,7.07132844604145,6.39127119840647,7.05596720311384,1,1996-01-25
946,7,A,b8cnb@cunb.edu,2,1,5.95260031972608,4.96245001102394,5.01641451553038,4.98199724737404,3.9918469386719,4.04581144317834,1,1996-03-11
946,7,A,xnzs7@cunb.edu,1,1,7.38611468882661,7.10185084515613,6.84060550178763,4.78579321283798,4.5015293691675,4.240284025799,1,1996-07-23
946,7,A,8elpt@cunb.edu,1,1,4.80353148484645,4.54883133590263,5.95997658202467,5.50125261583135,5.24655246688754,6.65769771300957,1,1995-10-02
946,7,A,m86jq@cunb.edu,1,2,7.20666916671236,6.97142580713172,6.92791277266134,6.67715048413948,6.44190712455884,6.39839409008846,1,1996-07-24
946,7,A,ifecu@cunb.edu,1,1,6.39440498459467,6.32313128891716,7.23399262554327,6.4606266982241,6.38935300254659,7.3002143391727,1,1995-12-20
946,7,A,crsbx@cunb.edu,2,1,4.43580073310036,4.31779042171288,3.45101865060601,4.52617621153692,4.40816590014945,3.54139412904258,1,1995-10-22
946,7,A,fbgvv@cunb.edu,1,1,8.09804327147076,7.48319842725987,8.33151364712039,7.6731146371713,7.05826979296041,7.90658501282093,1,1995-09-13
946,7,A,im4ch@cunb.edu,1,1,5.39922912291917,4.62196023542168,6.15888793453309,4.47500842845488,3.69773954095739,5.23466724006879,1,1996-01-05
946,7,B,wilvn@cunb.edu,1,1,6.07788161532967,5.93981694588451,4.78710592137663,5.9288040637034,5.79073939425824,4.63802836975036,1,1996-08-31
946,7,B,mer1r@cunb.edu,1,1,3.65686430620157,3.31800162118055,4.16820375273131,3.14742113701139,2.80855845199038,3.65876058354113,1,1996-05-18
946,7,B,jho7z@cunb.edu,2,1,5.94426852387622,7.03496213971883,7.32735772260711,7.28446236281536,8.37515597865797,8.66755156154625,1,1995-12-28
946,7,B,zuujs@cunb.edu,2,1,5.80141225468432,6.33059804711555,6.15152979187732,5.99267080155173,6.52185659398296,6.34278833874473,1,1996-08-08
946,7,B,nt3ou@cunb.edu,1,2,6.2586076429058,6.53917505796441,5.24038737750986,7.03367414409951,7.31424155915813,6.01545387870357,1,1995-12-30
946,7,B,obkej@cunb.edu,1,2,5.57245022500077,5.78235602680736,6.10561118390554,8.6239952086337,8.8339010104403,9.15715616753847,1,1996-06-07
946,7,B,puzun@cunb.edu,1,1,8.02390046280832,6.15603923241631,7.33030424735532,7.87328128295149,6.00542005255948,7.17968506749849,1,1996-02-27
946,7,B,yyhv5@cunb.edu,1,1,7.5687391426313,7.58351615619764,7.8593065886657,8.63959949734529,8.65437651091164,8.9301669433797,1,1996-03-16
946,7,C,j1gaf@cunb.edu,1,2,4.84670613987228,6.50316663833192,5.27892469942426,4.80342490130047,6.45988539976011,5.23564346085246,0,1996-01-07
946,7,C,obtx9@cunb.edu,1,2,6.452717685557,5.7412666188991,5.14393036854177,6.18320720694666,5.47175614028876,4.87441988993143,0,1995-11-06
946,7,C,lagj9@cunb.edu,1,1,6.35993742809968,4.67595040059986,5.94962364768016,6.65465733003599,4.97067030253617,6.24434354961646,0,1996-01-02
946,7,C,dj2gx@cunb.edu,1,1,8.40637712166007,9.06806877194266,8.62194958547424,6.62404881455113,7.28574046483372,6.8396212783653,0,1995-10-18
946,7,C,uspu1@cunb.edu,1,1,5.16591014914427,4.78504194893155,5.64358237773392,4.23367526837971,3.852807068167,4.71134749696937,0,1996-06-27
946,7,C,lk4qe@cunb.edu,1,1,9.06909270091859,9.64826600179953,8.68984142989797,7.58392927600175,8.16310257688269,7.20467800498113,0,1996-07-12
946,7,C,eqtrk@cunb.edu,1,1,6.26506106590994,5.46882596647509,6.5870549919843,4.73492634399932,3.93869124456447,5.05692027007367,0,1996-06-05
946,7,C,b17qq@cunb.edu,1,1,8.25295320717833,9.39841952925763,9.44530704390473,9.0306446990283,10.0,10.0,0,1996-04-21
946,7,D,10lcd@cunb.edu,1,1,6.8825734351432,7.32016618229878,7.07552716467959,7.07517428144342,99999.0,7.2681280109798,0,1996-08-12
946,7,D,vqvqg@cunb.edu,1,2,6.55219586545558,6.84839879887135,6.74117044245781,7.2904574228805,7.58666035629627,7.47943199988273,0,1995-10-09
946,7,D,shgk7@cunb.edu,1,2,6.68199844969273,6.10376477831811,7.02250398447574,7.54559464075751,6.96736096938289,7.88610017554051,0,1996-08-03
946,7,D,vuzor@cunb.edu,1,1,6.2042042657863,7.51274690154378,6.70486076298539,5.27429477227631,6.58283740803378,5.77495126947539,0,1996-02-19
946,7,D,qtvoz@cunb.edu,1,1,8.62249877246099,8.40172530559825,7.96424566198142,6.98308450451206,6.76231103764932,6.3248313940325,0,1995-11-22
946,7,D,iluwx@cunb.edu,1,1,5.50929637531406,5.1065481784626,4.77732951751566,5.12628723024347,4.72353903339201,4.39432037244508,0,1996-07-07
946,7,D,cl9ry@cunb.edu,1,1,9.07405680127178,7.63172701129426,9.09514610644166,7.25537856817296,5.81304877819544,7.27646787334284,0,1996-06-27
946,7,D,ng2ql@cunb.edu,1,1,4.91488801110612,4.75078715272324,4.65305427676143,5.92162510569645,5.75752424731357,5.65979137135176,0,1996-05-28
946,7,D,jm0fh@cunb.edu,1,2,5.46768068244828,5.60479960173516,5.78253390735162,6.05405532777163,6.19117424705851,6.36890855267498,0,1995-09-09
946,7,D,yr2l3@cunb.edu,1,2,5.78024493540873,5.99073751560648,5.39327293505196,6.78366601165103,6.99415859184878,6.39669401129427,0,1996-04-24
946,8,A,23zxo@cunb.edu,2,1,9.11590691413857,8.60231324136384,9.16621102243789,10.0,9.64183364179094,10.0,0,1995-06-15
946,8,A,4ilqd@cunb.edu,1,1,6.85488770010293,5.32906436354265,6.14304640276701,5.85194098319293,4.32611764663265,5.14009968585701,0,1995-08-25
946,8,A,4reo0@cunb.edu,1,1,7.79807715808088,7.40752807577187,7.48088237821171,6.10763385581322,5.71708477350421,5.79043907594405,0,1995-04-16
946,8,A,4nzbt@cunb.edu,1,1,6.80007921002269,7.05280062073305,7.04162986233294,7.35847744850241,7.61119885921277,7.60002810081266,0,1995-08-15
946,8,A,zibwh@cunb.edu,1,2,8.72797810259302,7.5900376007988,7.86181297778179,8.62274524291213,7.48480474111791,7.7565801181009,0,1995-05-01
946,8,A,agy5f@cunb.edu,1,1,5.68788672257252,6.03814389109648,5.6873305302117,5.23497878038582,5.58523594890979,5.234422588025,0,1995-07-27
946,8,A,p9vy8@cunb.edu,2,1,5.65467065442293,5.32470036633252,5.54842776535018,4.66428542156901,4.33431513347861,4.55804253249627,0,1995-06-10
946,8,A,lszqc@cunb.edu,1,1,8.6522165601215,8.39640605767059,8.15954542989644,7.90636385263946,7.65055335018854,7.4136927224144,0,1994-11-06
946,8,A,ticiz@cunb.edu,2,2,5.02842571888764,6.34561500395362,6.62664399179344,5.31156024753065,6.62874953259663,6.90977852043645,0,1995-01-07
946,8,A,oqgq3@cunb.edu,1,1,6.8804689144622,5.91929961386131,5.88820730214002,6.82093702460361,5.85976772400272,5.82867541228143,0,1994-12-11
946,8,A,nbmjz@cunb.edu,1,2,3.50204494372349,3.52873746035959,3.75090359999206,3.16059299232643,3.18728550896253,3.40945164859499,0,1994-11-20
946,8,A,6i5ik@cunb.edu,2,1,6.56246750242433,7.1078720572347,6.72438581985777,6.49283450334393,7.0382390581543,6.65475282077737,0,1994-10-23
946,8,A,gclaj@cunb.edu,1,2,5.9832754825354,5.68079068522159,5.01539205723632,4.86980317030347,4.56731837298966,3.90191974500439,0,1995-02-07
946,8,A,b79lz@cunb.edu,1,1,7.99750022662487,6.497047252745,6.51857823764589,7.68694118484638,6.1864882109665,6.2080191958674,0,1995-03-14
946,8,A,eohgp@cunb.edu,1,1,9.76871945930103,10.0,8.49307165236602,9.5156011230489,9.74688166374787,8.23995331611389,0,1994-12-19
946,8,A,kkbbn@cunb.edu,1,2,7.94473271106735,7.46144738269403,6.45532450673535,7.6380725657672,7.15478723739389,6.14866436143521,0,1995-02-06
946,8,A,ecw4u@cunb.edu,1,1,7.68904383181559,7.33208166415767,7.65683236698584,9.89644039309973,9.53947822544182,9.86422892826999,0,1994-11-16
946,8,A,stphg@cunb.edu,1,2,6.80376921366746,7.39322189945573,7.7011394571125,7.20510446406099,7.79455714984927,8.10247470750603,0,1995-02-10
946,8,A,tcfl2@cunb.edu,1,2,7.1566678503048,5.9185713951927,5.53541624904465,7.02984044503519,5.79174398992309,5.40858884377504,0,1994-09-21
946,8,A,9zjxw@cunb.edu,1,1,9.72655957688492,8.54330071092498,9.30228869787332,10.0,9.63196222569306,10.0,0,1995-03-20
946,8,A,4pczq@cunb.edu,1,1,3.94173031248535,4.95226977434392,4.03997512342791,3.78192232838939,4.79246179024796,3.88016713933195,0,1995-04-08
946,8,A,opwwd@cunb.edu,1,1,9.93156593710347,9.39993646925479,9.08703570299014,9.8217187520132,9.29008928416451,8.97718851789986,0,1995-05-22
946,8,A,ky1rj@cunb.edu,1,1,7.26276466301616,6.28718904224198,7.45913774012561,7.61448520738065,6.63890958660647,7.81085828449011,0,1995-01-23
946,8,B,fmwmr@cunb.edu,1,1,7.5222308423927,7.48736093776281,7.17504927260782,7.23770671422518,7.2028368095953,6.89052514444031,1,1995-02-26
946,8,B,4d5wn@cunb.edu,1,2,7.54645782857459,6.88324725589972,7.92750829047781,7.6944915037837,7.03128093110883,8.07554196568691,1,1994-12-11
946,8,B,dhpfh@cunb.edu,1,2,7.68315595914353,7.09505925806914,7.69139948780392,8.29503409387363,7.70693739279924,8.30327762253402,1,1994-09-11
946,8,B,tz4vv@cunb.edu,1,1,5.51111340208122,7.12854182591804,6.07691814575487,6.41784358365466,8.03527200749149,6.98364832732831,1,1995-06-03
946,8,B,fvn96@cunb.edu,1,1,8.923239475732,8.1768814960134,8.17218248328313,8.96107372578908,8.21471574607048,8.21001673334021,1,1995-08-18
946,8,B,uk7ud@cunb.edu,1,2,6.63506809915248,5.17525364612061,6.60399808701891,5.79656659964492,4.33675214661305,5.76549658751135,1,1995-02-10
946,8,B,zya38@cunb.edu,1,1,6.95061900975134,6.47837245181154,5.50000185003455,5.23723793836225,4.76499138042245,3.78662077864546,1,1995-05-19
946,8,B,4ss4z@cunb.edu,2,1,6.83288528534306,7.27388873181028,8.63447875293626,5.95216053251454,6.39316397898176,7.75375400010773,1,1995-08-23
946,8,B,7vlrd@cunb.edu,1,1,8.46577080876,6.80576787680753,7.61587693985917,8.49116824914377,6.8311653171913,7.64127438024294,1,1994-12-27
946,8,B,1eu19@cunb.edu,1,1,8.91573607389713,9.98956355712275,9.07434126528809,9.11063479559298,10.0,9.26923998698395,1,1995-05-08
946,8,B,hrvla@cunb.edu,1,1,6.59485209271516,4.86087432833593,5.30283758653533,6.12422083173994,4.3902430673607,4.8322063255601,1,1994-09-14
946,8,B,igg77@cunb.edu,1,1,8.43021738682055,7.59464629473278,7.16952888075375,7.29222506840223,6.45665397631445,6.03153656233543,1,1994-11-02
946,8,B,ars86@cunb.edu,1,1,7.99701697081641,8.39989473466143,7.43252802761585,9.10608742305153,9.50896518689656,8.54159847985097,1,1995-04-21
946,8,B,zlavp@cunb.edu,2,1,6.31411222286681,6.7590535898895,7.74140977032641,6.74155485074594,7.18649621776864,8.16885239820555,1,1994-09-29
946,8,C,fgwbn@cunb.edu,1,1,2.05266343323475,3.56235272517389,2.00809164751282,1.27846274295003,2.78815203488917,1.23389095722811,0,1995-08-04
946,8,C,igids@cunb.edu,2,1,6.13966484450914,6.90069534759216,7.05362560589977,7.09470441834633,7.85573492142935,8.00866517973695,0,1994-09-03
946,8,C,luujf@cunb.edu,1,1,7.26262252107437,8.56274513835262,7.45375196803536,7.56953532038966,8.86965793766791,7.76066476735065,0,1995-01-19
946,8,C,pzlf4@cunb.edu,1,1,8.51421767013203,7.14516978576835,7.37527275929283,8.32765596494127,6.95860808057759,7.18871105410207,0,1994-10-31
946,8,C,r6qkb@cunb.edu,2,1,7.17081295630286,6.9128611472095,8.09332116159002,5.62675791520146,5.3688061061081,6.54926612048862,0,1995-01-17
946,8,C,twkh8@cunb.edu,1,2,3.92377135779306,3.33847246475115,3.25867158097744,3.53672527505389,2.95142638201198,2.87162549823827,0,1995-05-25
946,8,C,0patx@cunb.edu,2,1,4.66221067671146,4.00844797295,3.23836184049438,4.46144326330021,3.80768055953875,3.03759442708313,0,1995-08-31
946,8,C,a28n9@cunb.edu,2,1,5.507548545897,4.18656702287494,5.48794175539165,4.47899182887617,3.15801030585412,4.45938503837082,0,1994-12-30
946,8,C,l22x8@cunb.edu,1,1,4.78521944854003,5.68283523099091,5.43241522080791,4.73510772877617,5.63272351122706,5.38230350104405,0,1995-01-14
946,8,C,2m3td@cunb.edu,1,1,4.45987989435946,4.17832312601661,3.56222374093761,2.35031238140042,2.06875561305757,1.45265622797857,0,1995-06-07
946,8,C,f5osr@cunb.edu,1,1,7.5509123599502,7.31588589841227,8.31200077732752,7.48202931310848,7.24700285157055,8.2431177304858,0,1994-09-03
946,8,C,4izl6@cunb.edu,1,2,7.91751642495263,6.10121178736779,7.64308760331813,6.46641330422238,4.65010866663754,6.19198448258788,0,1995-02-10
946,8,D,oqyyk@cunb.edu,1,1,4.46538058152162,3.75629651076831,4.9018441321861,6.35958221282858,5.65049814207528,6.79604576349307,0,1995-03-11
946,8,D,qluoj@cunb.edu,1,1,8.02815140563331,7.72170421912602,7.12193787855364,8.31563705309987,8.00918986659259,7.4094235260202,0,1994-09-10
946,8,D,vykat@cunb.edu,1,1,4.18471268309659,4.95784327784932,5.45713628201193,4.86238671697337,5.6355173117261,6.13481031588871,0,1994-12-22
946,8,D,jrvci@cunb.edu,1,1,7.92781444774612,7.53068417958586,8.84872081545784,6.0074307154912,5.61030044733095,6.92833708320293,0,1994-10-16
946,8,D,2hk9v@cunb.edu,1,1,6.5538337594604,6.54093381722997,6.76026649826745,4.89372395932361,4.88082401709318,5.10015669813066,0,1995-02-05
946,8,D,gt35i@cunb.edu,1,1,6.56294133062379,6.27243495792987,6.63254778566675,6.18995314274097,5.89944677004704,6.25955959778392,0,1994-09-11
946,8,D,jj36e@cunb.edu,1,1,4.93837548963621,5.30664727821842,4.98591726723954,6.16241808508294,6.53068987366514,6.20995986268627,0,1995-07-04
946,8,D,ca1dg@cunb.edu,1,1,7.66193054311788,8.36015258378229,7.93716465796224,8.1793641794674,8.8775862201318,8.45459829431175,0,1995-08-23
946,8,D,amdrx@cunb.edu,1,1,9.24875833339563,8.5347906035701,8.05664135016074,8.77360131575688,8.05963358593135,7.581484332522,0,1994-12-15
946,8,D,yn5ug@cunb.edu,1,2,5.68922761282149,5.07150274109292,5.33854728112194,6.38299519846835,5.76527032673978,6.0323148667688,0,1994-09-18
946,8,A,eohgp@cunb.edu,1,1,9.76871945930103,10.0,8.49307165236602,9.5156011230489,9.74688166374787,8.23995331611389,0,1994-12-19
